0,10,0,0
0.01,9.998,-0.2,-20
0.02,9.99406,-0.39396,-19.396
0.03,9.98824,-0.582022,-18.8062
0.04,9.9806,-0.764327,-18.2304
0.05,9.97119,-0.941009,-17.6682
0.06,9.96006,-1.1122,-17.1193
0.07,9.94728,-1.27804,-16.5835
0.08,9.9329,-1.43864,-16.0605
0.09,9.91696,-1.59414,-15.5499
0.1,9.89951,-1.74466,-15.0515
0.11,9.88061,-1.89031,-14.5651
0.12,9.86029,-2.03121,-14.0903
0.13,9.83862,-2.16748,-13.627
0.14,9.81563,-2.29923,-13.1748
0.15,9.79136,-2.42656,-12.7336
0.16,9.76587,-2.54959,-12.303
0.17,9.73918,-2.66842,-11.883
0.18,9.71135,-2.78315,-11.4731
0.19,9.68241,-2.89389,-11.0732
0.2,9.6524,-3.00072,-10.6832
0.21,9.62137,-3.10374,-10.3027
0.22,9.58934,-3.20306,-9.9315
0.23,9.55635,-3.29875,-9.5695
0.24,9.52244,-3.39092,-9.21644
0.25,9.48764,-3.47964,-8.87212
0.26,9.45199,-3.565,-8.53637
0.27,9.41552,-3.64709,-8.20898
0.28,9.37826,-3.72599,-7.88977
0.29,9.34024,-3.80178,-7.57855
0.3,9.3015,-3.87453,-7.27516
0.31,9.26206,-3.94432,-6.97942
0.32,9.22194,-4.01123,-6.69115
0.33,9.18119,-4.07534,-6.41019
0.34,9.13982,-4.1367,-6.13638
0.35,9.09787,-4.19539,-5.86955
0.36,9.05535,-4.25149,-5.60956
0.37,9.0123,-4.30505,-5.35624
0.38,8.96874,-4.35615,-5.10945
0.39,8.92469,-4.40484,-4.86904
0.4,8.88018,-4.45119,-4.63488
0.41,8.83523,-4.49525,-4.40681
0.42,8.78986,-4.5371,-4.1847
0.43,8.74409,-4.57679,-3.96841
0.44,8.69795,-4.61436,-3.75783
0.45,8.65145,-4.64989,-3.5528
0.46,8.60461,-4.68342,-3.35322
0.47,8.55746,-4.71501,-3.15896
0.48,8.51002,-4.74471,-2.96989
0.49,8.46229,-4.77257,-2.7859
0.5,8.4143,-4.79864,-2.60687
0.51,8.36608,-4.82297,-2.43269
0.52,8.31762,-4.8456,-2.26325
0.53,8.26895,-4.86658,-2.09844
0.54,8.22009,-4.88597,-1.93816
0.55,8.17106,-4.90379,-1.78229
0.56,8.12185,-4.9201,-1.63075
0.57,8.07251,-4.93493,-1.48342
0.58,8.02302,-4.94833,-1.34022
0.59,7.97342,-4.96034,-1.20105
0.6,7.92371,-4.971,-1.06581
0.61,7.87391,-4.98034,-0.934415
0.62,7.82402,-4.98841,-0.806776
0.63,7.77407,-4.99524,-0.682804
0.64,7.72406,-5.00086,-0.562416
0.65,7.67401,-5.00532,-0.445526
0.66,7.62392,-5.00864,-0.332054
0.67,7.57381,-5.01086,-0.221919
0.68,7.52369,-5.01201,-0.115044
0.69,7.47357,-5.01212,-0.0113529
0.7,7.42346,-5.01123,0.0892302
0.71,7.37336,-5.00936,0.186778
0.72,7.3233,-5.00655,0.281362
0.73,7.27327,-5.00282,0.373052
0.74,7.22329,-4.9982,0.461917
0.75,7.17336,-4.99272,0.548023
0.76,7.1235,-4.98641,0.631437
0.77,7.0737,-4.97928,0.712222
0.78,7.02399,-4.97138,0.790441
0.79,6.97436,-4.96272,0.866155
0.8,6.92483,-4.95332,0.939425
0.81,6.8754,-4.94322,1.01031
0.82,6.82607,-4.93243,1.07886
0.83,6.77686,-4.92098,1.14515
0.84,6.72778,-4.90889,1.20921
0.85,6.67881,-4.89618,1.27111
0.86,6.62999,-4.88287,1.3309
0.87,6.5813,-4.86898,1.38863
0.88,6.53275,-4.85454,1.44435
0.89,6.48435,-4.83956,1.49811
0.9,6.43611,-4.82406,1.54996
0.91,6.38803,-4.80806,1.59994
0.92,6.34012,-4.79158,1.64811
0.93,6.29237,-4.77463,1.6945
0.94,6.2448,-4.75724,1.73915
0.95,6.1974,-4.73942,1.78212
0.96,6.15019,-4.72118,1.82345
0.97,6.10317,-4.70255,1.86317
0.98,6.05633,-4.68354,1.90132
0.99,6.00969,-4.66416,1.93796
1,5.96325,-4.64443,1.9731
1.01,5.917,-4.62436,2.0068
1.02,5.87096,-4.60397,2.03908
1.03,5.82513,-4.58327,2.06999
1.04,5.77951,-4.56227,2.09955
1.05,5.7341,-4.541,2.12781
1.06,5.6889,-4.51945,2.1548
1.07,5.64393,-4.49764,2.18054
1.08,5.59917,-4.47559,2.20508
1.09,5.55464,-4.45331,2.22844
1.1,5.51033,-4.4308,2.25065
1.11,5.46625,-4.40808,2.27175
1.12,5.4224,-4.38517,2.29176
1.13,5.37878,-4.36206,2.31071
1.14,5.33539,-4.33877,2.32863
1.15,5.29224,-4.31532,2.34554
1.16,5.24932,-4.2917,2.36148
1.17,5.20664,-4.26794,2.37647
1.18,5.1642,-4.24403,2.39054
1.19,5.122,-4.22,2.4037
1.2,5.08004,-4.19584,2.41599
1.21,5.03832,-4.17156,2.42743
1.22,4.99685,-4.14718,2.43804
1.23,4.95563,-4.1227,2.44784
1.24,4.91464,-4.09813,2.45686
1.25,4.87391,-4.07348,2.46512
1.26,4.83342,-4.04876,2.47263
1.27,4.79318,-4.02396,2.47943
1.28,4.75319,-3.99911,2.48552
1.29,4.71345,-3.9742,2.49094
1.3,4.67396,-3.94924,2.4957
1.31,4.63471,-3.92424,2.49981
1.32,4.59572,-3.89921,2.5033
1.33,4.55698,-3.87415,2.50619
1.34,4.51849,-3.84906,2.50848
1.35,4.48025,-3.82396,2.51021
1.36,4.44226,-3.79885,2.51138
1.37,4.40452,-3.77373,2.51202
1.38,4.36704,-3.74861,2.51213
1.39,4.3298,-3.72349,2.51174
1.4,4.29282,-3.69838,2.51086
1.41,4.25609,-3.67328,2.5095
1.42,4.21961,-3.64821,2.50768
1.43,4.18337,-3.62315,2.50541
1.44,4.14739,-3.59813,2.50271
1.45,4.11166,-3.57313,2.4996
1.46,4.07618,-3.54817,2.49607
1.47,4.04095,-3.52325,2.49215
1.48,4.00596,-3.49837,2.48785
1.49,3.97123,-3.47354,2.48318
1.5,3.93674,-3.44876,2.47816
1.51,3.9025,-3.42403,2.47279
1.52,3.86851,-3.39936,2.46709
1.53,3.83476,-3.37475,2.46106
1.54,3.80126,-3.3502,2.45472
1.55,3.768,-3.32572,2.44809
1.56,3.73499,-3.30131,2.44116
1.57,3.70222,-3.27697,2.43395
1.58,3.66969,-3.2527,2.42647
1.59,3.6374,-3.22852,2.41873
1.6,3.60536,-3.20441,2.41074
1.61,3.57356,-3.18038,2.40251
1.62,3.54199,-3.15644,2.39404
1.63,3.51067,-3.13259,2.38535
1.64,3.47958,-3.10883,2.37644
1.65,3.44873,-3.08515,2.36732
1.66,3.41811,-3.06157,2.358
1.67,3.38773,-3.03809,2.34849
1.68,3.35758,-3.0147,2.3388
1.69,3.32767,-2.99141,2.32893
1.7,3.29799,-2.96822,2.31889
1.71,3.26854,-2.94513,2.30869
1.72,3.23931,-2.92215,2.29833
1.73,3.21032,-2.89927,2.28782
1.74,3.18156,-2.8765,2.27718
1.75,3.15302,-2.85384,2.26639
1.76,3.1247,-2.83128,2.25548
1.77,3.09662,-2.80884,2.24444
1.78,3.06875,-2.7865,2.23328
1.79,3.04111,-2.76428,2.22201
1.8,3.01369,-2.74218,2.21064
1.81,2.98648,-2.72019,2.19916
1.82,2.9595,-2.69831,2.18759
1.83,2.93274,-2.67655,2.17593
1.84,2.90619,-2.65491,2.16418
1.85,2.87985,-2.63339,2.15236
1.86,2.85373,-2.61198,2.14045
1.87,2.82783,-2.5907,2.12848
1.88,2.80213,-2.56953,2.11644
1.89,2.77665,-2.54849,2.10434
1.9,2.75137,-2.52757,2.09218
1.91,2.7263,-2.50677,2.07996
1.92,2.70144,-2.48609,2.0677
1.93,2.67679,-2.46554,2.05539
1.94,2.65234,-2.44511,2.04304
1.95,2.62809,-2.4248,2.03065
1.96,2.60404,-2.40462,2.01823
1.97,2.5802,-2.38456,2.00577
1.98,2.55655,-2.36463,1.99329
1.99,2.5331,-2.34482,1.98078
2,2.50985,-2.32514,1.96826
2.01,2.48679,-2.30558,1.95571
2.02,2.46393,-2.28615,1.94315
2.03,2.44126,-2.26684,1.93058
2.04,2.41879,-2.24766,1.918
2.05,2.3965,-2.22861,1.90541
2.06,2.3744,-2.20968,1.89282
2.07,2.3525,-2.19088,1.88023
2.08,2.33077,-2.1722,1.86764
2.09,2.30924,-2.15365,1.85506
2.1,2.28789,-2.13523,1.84248
2.11,2.26672,-2.11693,1.82991
2.12,2.24573,-2.09875,1.81735
2.13,2.22492,-2.08071,1.8048
2.14,2.20429,-2.06278,1.79227
2.15,2.18384,-2.04499,1.77976
2.16,2.16357,-2.02731,1.76727
2.17,2.14347,-2.00976,1.7548
2.18,2.12355,-1.99234,1.74235
2.19,2.1038,-1.97504,1.72992
2.2,2.08422,-1.95787,1.71753
2.21,2.06481,-1.94081,1.70516
2.22,2.04557,-1.92389,1.69282
2.23,2.0265,-1.90708,1.68051
2.24,2.0076,-1.8904,1.66824
2.25,1.98886,-1.87384,1.656
2.26,1.97029,-1.8574,1.6438
2.27,1.95188,-1.84108,1.63163
2.28,1.93363,-1.82489,1.6195
2.29,1.91554,-1.80882,1.60742
2.3,1.89761,-1.79286,1.59537
2.31,1.87984,-1.77703,1.58337
2.32,1.86223,-1.76131,1.57141
2.33,1.84477,-1.74572,1.55949
2.34,1.82747,-1.73024,1.54762
2.35,1.81032,-1.71489,1.5358
2.36,1.79332,-1.69965,1.52402
2.37,1.77648,-1.68452,1.51229
2.38,1.75978,-1.66952,1.50061
2.39,1.74323,-1.65463,1.48899
2.4,1.72684,-1.63985,1.47741
2.41,1.71058,-1.62519,1.46588
2.42,1.69448,-1.61065,1.45441
2.43,1.67852,-1.59622,1.44299
2.44,1.6627,-1.5819,1.43163
2.45,1.64702,-1.5677,1.42032
2.46,1.63148,-1.55361,1.40906
2.47,1.61609,-1.53963,1.39786
2.48,1.60083,-1.52576,1.38672
2.49,1.58571,-1.51201,1.37563
2.5,1.57073,-1.49836,1.3646
2.51,1.55588,-1.48482,1.35363
2.52,1.54116,-1.4714,1.34272
2.53,1.52658,-1.45808,1.33187
2.54,1.51213,-1.44487,1.32107
2.55,1.49782,-1.43176,1.31034
2.56,1.48363,-1.41877,1.29966
2.57,1.46957,-1.40588,1.28905
2.58,1.45564,-1.39309,1.27849
2.59,1.44183,-1.38041,1.268
2.6,1.42816,-1.36784,1.25757
2.61,1.4146,-1.35537,1.2472
2.62,1.40117,-1.343,1.23689
2.63,1.38787,-1.33073,1.22664
2.64,1.37468,-1.31857,1.21646
2.65,1.36162,-1.3065,1.20634
2.66,1.34867,-1.29454,1.19628
2.67,1.33584,-1.28268,1.18628
2.68,1.32313,-1.27091,1.17634
2.69,1.31054,-1.25925,1.16647
2.7,1.29806,-1.24768,1.15666
2.71,1.2857,-1.23621,1.14692
2.72,1.27345,-1.22484,1.13723
2.73,1.26132,-1.21356,1.12761
2.74,1.24929,-1.20238,1.11806
2.75,1.23738,-1.1913,1.10856
2.76,1.22558,-1.18031,1.09913
2.77,1.21388,-1.16941,1.08976
2.78,1.2023,-1.1586,1.08046
2.79,1.19082,-1.14789,1.07122
2.8,1.17945,-1.13727,1.06204
2.81,1.16818,-1.12674,1.05292
2.82,1.15702,-1.1163,1.04387
2.83,1.14596,-1.10596,1.03488
2.84,1.135,-1.0957,1.02595
2.85,1.12414,-1.08552,1.01709
2.86,1.11339,-1.07544,1.00829
2.87,1.10274,-1.06545,0.999545
2.88,1.09218,-1.05554,0.990868
2.89,1.08172,-1.04572,0.982253
2.9,1.07136,-1.03598,0.973699
2.91,1.0611,-1.02633,0.965208
2.92,1.05093,-1.01676,0.956778
2.93,1.04086,-1.00727,0.94841
2.94,1.03088,-0.997873,0.940103
2.95,1.021,-0.988555,0.931858
2.96,1.0112,-0.979318,0.923673
2.97,1.0015,-0.970162,0.915549
2.98,0.99189,-0.961087,0.907486
2.99,0.982369,-0.952093,0.899483
3,0.972937,-0.943177,0.89154
3.01,0.963594,-0.934341,0.883658
3.02,0.954338,-0.925582,0.875835
3.03,0.945169,-0.916902,0.868071
3.04,0.936086,-0.908298,0.860367
3.05,0.927088,-0.899771,0.852722
3.06,0.918175,-0.891319,0.845136
3.07,0.909345,-0.882943,0.837608
3.08,0.900599,-0.874642,0.830139
3.09,0.891935,-0.866415,0.822728
3.1,0.883352,-0.858261,0.815374
3.11,0.87485,-0.85018,0.808078
3.12,0.866429,-0.842172,0.800839
3.13,0.858086,-0.834235,0.793658
3.14,0.849823,-0.82637,0.786533
3.15,0.841637,-0.818575,0.779464
3.16,0.833528,-0.810851,0.772452
3.17,0.825496,-0.803196,0.765495
3.18,0.81754,-0.79561,0.758594
3.19,0.809659,-0.788092,0.751748
3.2,0.801853,-0.780643,0.744958
3.21,0.79412,-0.77326,0.738222
3.22,0.786461,-0.765945,0.731541
3.23,0.778874,-0.758696,0.724913
3.24,0.771359,-0.751513,0.71834
3.25,0.763915,-0.744394,0.71182
3.26,0.756542,-0.737341,0.705353
3.27,0.749238,-0.730351,0.698939
3.28,0.742004,-0.723426,0.692578
3.29,0.734838,-0.716563,0.686269
3.3,0.727741,-0.709763,0.680013
3.31,0.72071,-0.703025,0.673807
3.32,0.713747,-0.696348,0.667654
3.33,0.706849,-0.689733,0.661551
3.34,0.700018,-0.683178,0.655499
3.35,0.693251,-0.676683,0.649498
3.36,0.686548,-0.670247,0.643546
3.37,0.67991,-0.663871,0.637645
3.38,0.673334,-0.657553,0.631793
3.39,0.666821,-0.651293,0.62599
3.4,0.66037,-0.645091,0.620236
3.41,0.653981,-0.638945,0.614531
3.42,0.647652,-0.632857,0.608874
3.43,0.641384,-0.626824,0.603265
3.44,0.635176,-0.620847,0.597704
3.45,0.629026,-0.614925,0.592189
3.46,0.622936,-0.609058,0.586722
3.47,0.616903,-0.603245,0.581302
3.48,0.610928,-0.597485,0.575928
3.49,0.605011,-0.591779,0.570599
3.5,0.599149,-0.586126,0.565317
3.51,0.593344,-0.580525,0.56008
3.52,0.587594,-0.574977,0.554888
3.53,0.5819,-0.569479,0.549741
3.54,0.576259,-0.564033,0.544638
3.55,0.570673,-0.558637,0.53958
3.56,0.56514,-0.553291,0.534565
3.57,0.55966,-0.547995,0.529594
3.58,0.554233,-0.542749,0.524666
3.59,0.548857,-0.537551,0.519781
3.6,0.543533,-0.532402,0.514939
3.61,0.53826,-0.5273,0.510139
3.62,0.533038,-0.522246,0.50538
3.63,0.527865,-0.51724,0.500664
3.64,0.522742,-0.51228,0.495989
3.65,0.517669,-0.507366,0.491355
3.66,0.512644,-0.502499,0.486761
3.67,0.507667,-0.497677,0.482209
3.68,0.502738,-0.4929,0.477696
3.69,0.497856,-0.488167,0.473223
3.7,0.493021,-0.48348,0.46879
3.71,0.488233,-0.478836,0.464396
3.72,0.483491,-0.474235,0.46004
3.73,0.478794,-0.469678,0.455724
3.74,0.474142,-0.465163,0.451446
3.75,0.469535,-0.460691,0.447206
3.76,0.464973,-0.456261,0.443003
3.77,0.460454,-0.451873,0.438838
3.78,0.455979,-0.447526,0.434711
3.79,0.451547,-0.44322,0.43062
3.8,0.447157,-0.438954,0.426566
3.81,0.44281,-0.434729,0.422548
3.82,0.438504,-0.430543,0.418566
3.83,0.43424,-0.426397,0.41462
3.84,0.430018,-0.42229,0.410709
3.85,0.425835,-0.418221,0.406834
3.86,0.421693,-0.414191,0.402993
3.87,0.417591,-0.410199,0.399187
3.88,0.413529,-0.406245,0.395416
3.89,0.409506,-0.402329,0.391678
3.9,0.405521,-0.398449,0.387974
3.91,0.401575,-0.394606,0.384304
3.92,0.397667,-0.390799,0.380667
3.93,0.393797,-0.387028,0.377063
3.94,0.389964,-0.383294,0.373492
3.95,0.386168,-0.379594,0.369953
3.96,0.382409,-0.37593,0.366446
3.97,0.378686,-0.3723,0.362971
3.98,0.374999,-0.368705,0.359528
3.99,0.371347,-0.365143,0.356116
4,0.367731,-0.361616,0.352736
4.01,0.36415,-0.358122,0.349386
4.02,0.360603,-0.354661,0.346067
4.03,0.357091,-0.351234,0.342778
4.04,0.353612,-0.347839,0.339519
4.05,0.350168,-0.344476,0.336291
4.06,0.346756,-0.341145,0.333091
4.07,0.343378,-0.337845,0.329922
4.08,0.340032,-0.334578,0.326781
4.09,0.336719,-0.331341,0.323669
4.1,0.333437,-0.328135,0.320586
4.11,0.330188,-0.32496,0.317531
4.12,0.32697,-0.321815,0.314504
4.13,0.323783,-0.3187,0.311505
4.14,0.320626,-0.315614,0.308534
4.15,0.317501,-0.312558,0.30559
4.16,0.314405,-0.309532,0.302674
4.17,0.31134,-0.306534,0.299784
4.18,0.308305,-0.303565,0.296921
4.19,0.305298,-0.300624,0.294085
4.2,0.302321,-0.297711,0.291275
4.21,0.299373,-0.294826,0.288491
4.22,0.296453,-0.291969,0.285733
4.23,0.293562,-0.289139,0.283
4.24,0.290698,-0.286336,0.280293
4.25,0.287863,-0.28356,0.277611
4.26,0.285055,-0.28081,0.274954
4.27,0.282274,-0.278087,0.272321
4.28,0.27952,-0.27539,0.269713
4.29,0.276793,-0.272719,0.26713
4.3,0.274092,-0.270073,0.26457
4.31,0.271418,-0.267453,0.262035
4.32,0.268769,-0.264857,0.259523
4.33,0.266146,-0.262287,0.257034
4.34,0.263549,-0.259741,0.254569
4.35,0.260976,-0.25722,0.252127
4.36,0.258429,-0.254723,0.249707
4.37,0.255907,-0.25225,0.24731
4.38,0.253409,-0.249801,0.244936
4.39,0.250935,-0.247375,0.242584
4.4,0.248485,-0.244972,0.240254
4.41,0.246059,-0.242593,0.237946
4.42,0.243657,-0.240236,0.235659
4.43,0.241278,-0.237902,0.233394
4.44,0.238922,-0.235591,0.23115
4.45,0.236589,-0.233301,0.228928
4.46,0.234279,-0.231034,0.226726
4.47,0.231991,-0.228789,0.224545
4.48,0.229725,-0.226565,0.222384
4.49,0.227482,-0.224362,0.220244
4.5,0.22526,-0.222181,0.218124
4.51,0.22306,-0.220021,0.216024
4.52,0.220881,-0.217881,0.213944
4.53,0.218723,-0.215763,0.211883
4.54,0.216586,-0.213664,0.209842
4.55,0.214471,-0.211586,0.20782
4.56,0.212375,-0.209528,0.205817
4.57,0.2103,-0.20749,0.203833
4.58,0.208246,-0.205471,0.201868
4.59,0.206211,-0.203472,0.199921
4.6,0.204196,-0.201492,0.197993
4.61,0.202201,-0.199531,0.196083
4.62,0.200225,-0.197589,0.194191
4.63,0.198268,-0.195666,0.192317
4.64,0.196331,-0.193761,0.190461
4.65,0.194412,-0.191875,0.188622
4.66,0.192512,-0.190007,0.186801
4.67,0.19063,-0.188157,0.184997
4.68,0.188767,-0.186325,0.18321
4.69,0.186922,-0.18451,0.181441
4.7,0.185095,-0.182714,0.179688
4.71,0.183285,-0.180934,0.177951
4.72,0.181494,-0.179172,0.176231
4.73,0.179719,-0.177426,0.174528
4.74,0.177962,-0.175698,0.172841
4.75,0.176223,-0.173986,0.171169
4.76,0.1745,-0.172291,0.169514
4.77,0.172794,-0.170612,0.167874
4.78,0.171104,-0.16895,0.16625
4.79,0.169431,-0.167304,0.164642
4.8,0.167774,-0.165673,0.163049
4.81,0.166134,-0.164058,0.161471
4.82,0.164509,-0.162459,0.159908
4.83,0.1629,-0.160876,0.15836
4.84,0.161307,-0.159307,0.156826
4.85,0.15973,-0.157754,0.155308
4.86,0.158168,-0.156216,0.153804
4.87,0.156621,-0.154693,0.152314
4.88,0.155089,-0.153185,0.150838
4.89,0.153572,-0.151691,0.149377
4.9,0.15207,-0.150212,0.147929
4.91,0.150582,-0.148747,0.146496
4.92,0.149109,-0.147296,0.145076
4.93,0.147651,-0.145859,0.143669
4.94,0.146206,-0.144437,0.142277
4.95,0.144776,-0.143028,0.140897
4.96,0.14336,-0.141632,0.139531
4.97,0.141957,-0.140251,0.138177
4.98,0.140568,-0.138882,0.136837
4.99,0.139193,-0.137527,0.13551
5,0.137831,-0.136185,0.134195
5.01,0.136483,-0.134856,0.132893
5.02,0.135147,-0.13354,0.131603
5.03,0.133825,-0.132237,0.130326
5.04,0.132516,-0.130946,0.129061
5.05,0.131219,-0.129668,0.127808
5.06,0.129935,-0.128403,0.126567
5.07,0.128663,-0.127149,0.125338
5.08,0.127404,-0.125908,0.124121
5.09,0.126157,-0.124679,0.122915
5.1,0.124923,-0.123462,0.121721
5.11,0.1237,-0.122256,0.120539
5.12,0.12249,-0.121063,0.119368
5.13,0.121291,-0.11988,0.118208
5.14,0.120104,-0.11871,0.11706
5.15,0.118928,-0.117551,0.115922
5.16,0.117764,-0.116403,0.114795
5.17,0.116612,-0.115266,0.11368
5.18,0.11547,-0.11414,0.112574
5.19,0.11434,-0.113025,0.11148
5.2,0.113221,-0.111921,0.110396
5.21,0.112112,-0.110828,0.109323
5.22,0.111015,-0.109746,0.10826
5.23,0.109928,-0.108673,0.107207
5.24,0.108852,-0.107612,0.106164
5.25,0.107786,-0.106561,0.105131
5.26,0.106731,-0.105519,0.104109
5.27,0.105686,-0.104488,0.103096
5.28,0.104652,-0.103468,0.102093
5.29,0.103627,-0.102457,0.101099
5.3,0.102613,-0.101455,0.100115
5.31,0.101608,-0.100464,0.099141
5.32,0.100613,-0.0994822,0.098176
5.33,0.0996281,-0.09851,0.0972204
5.34,0.0986526,-0.0975473,0.096274
5.35,0.0976866,-0.0965939,0.0953367
5.36,0.0967301,-0.0956498,0.0944085
5.37,0.095783,-0.0947149,0.0934892
5.38,0.0948451,-0.0937892,0.0925788
5.39,0.0939164,-0.0928724,0.0916772
5.4,0.0929967,-0.0919645,0.0907844
5.41,0.0920861,-0.0910655,0.0899001
5.42,0.0911843,-0.0901753,0.0890244
5.43,0.0902914,-0.0892937,0.0881572
5.44,0.0894072,-0.0884207,0.0872984
5.45,0.0885316,-0.0875563,0.0864478
5.46,0.0876646,-0.0867002,0.0856055
5.47,0.0868061,-0.0858525,0.0847714
5.48,0.085956,-0.085013,0.0839453
5.49,0.0851141,-0.0841818,0.0831272
5.5,0.0842806,-0.0833586,0.082317
5.51,0.0834551,-0.0825434,0.0815147
5.52,0.0826378,-0.0817362,0.0807201
5.53,0.0818284,-0.0809369,0.0799332
5.54,0.0810269,-0.0801454,0.079154
5.55,0.0802333,-0.0793615,0.0783822
5.56,0.0794475,-0.0785854,0.077618
5.57,0.0786693,-0.0778168,0.0768612
5.58,0.0778987,-0.0770556,0.0761117
5.59,0.0771357,-0.0763019,0.0753694
5.6,0.0763802,-0.0755556,0.0746344
5.61,0.075632,-0.0748165,0.0739065
5.62,0.0748912,-0.0740847,0.0731856
5.63,0.0741576,-0.07336,0.0724717
5.64,0.0734311,-0.0726423,0.0717648
5.65,0.0727118,-0.0719317,0.0710647
5.66,0.0719995,-0.071228,0.0703714
5.67,0.0712942,-0.0705311,0.0696848
5.68,0.0705958,-0.0698411,0.0690049
5.69,0.0699042,-0.0691577,0.0683315
5.7,0.0692194,-0.0684811,0.0676648
5.71,0.0685413,-0.0678111,0.0670044
5.72,0.0678698,-0.0671475,0.0663505
5.73,0.0672049,-0.0664905,0.065703
5.74,0.0665465,-0.0658399,0.0650617
5.75,0.0658946,-0.0651956,0.0644266
5.76,0.065249,-0.0645577,0.0637977
5.77,0.0646097,-0.0639259,0.063175
5.78,0.0639767,-0.0633003,0.0625582
5.79,0.0633499,-0.0626808,0.0619475
5.8,0.0627293,-0.0620674,0.0613427
5.81,0.0621147,-0.06146,0.0607438
5.82,0.0615061,-0.0608585,0.0601506
5.83,0.0609034,-0.0602628,0.0595633
5.84,0.0603067,-0.059673,0.0589816
5.85,0.0597158,-0.059089,0.0584057
5.86,0.0591307,-0.0585106,0.0578353
5.87,0.0585513,-0.0579379,0.0572704
5.88,0.0579776,-0.0573708,0.0567111
5.89,0.0574095,-0.0568092,0.0561572
5.9,0.056847,-0.0562531,0.0556086
5.91,0.05629,-0.0557025,0.0550654
5.92,0.0557384,-0.0551572,0.0545275
5.93,0.0551922,-0.0546173,0.0539948
5.94,0.0546514,-0.0540826,0.0534673
5.95,0.0541159,-0.0535531,0.052945
5.96,0.0535856,-0.0530289,0.0524277
5.97,0.0530605,-0.0525097,0.0519154
5.98,0.0525405,-0.0519956,0.0514082
5.99,0.0520257,-0.0514866,0.0509058
6,0.0515158,-0.0509825,0.0504084
6.01,0.051011,-0.0504833,0.0499158
6.02,0.0505111,-0.0499891,0.049428
6.03,0.0500161,-0.0494996,0.0489449
6.04,0.049526,-0.0490149,0.0484666
6.05,0.0490406,-0.048535,0.0479929
6.06,0.04856,-0.0480598,0.0475238
6.07,0.0480841,-0.0475892,0.0470593
6.08,0.0476129,-0.0471232,0.0465993
6.09,0.0471463,-0.0466618,0.0461438
6.1,0.0466842,-0.0462048,0.0456927
6.11,0.0462267,-0.0457524,0.045246
6.12,0.0457737,-0.0453043,0.0448037
6.13,0.0453251,-0.0448607,0.0443656
6.14,0.0448809,-0.0444214,0.0439319
6.15,0.044441,-0.0439863,0.0435023
6.16,0.0440054,-0.0435556,0.043077
6.17,0.0435741,-0.043129,0.0426558
6.18,0.0431471,-0.0427066,0.0422387
6.19,0.0427242,-0.0422884,0.0418257
6.2,0.0423055,-0.0418742,0.0414167
6.21,0.0418908,-0.0414641,0.0410117
6.22,0.0414802,-0.041058,0.0406106
6.23,0.0410737,-0.0406558,0.0402134
6.24,0.0406711,-0.0402576,0.0398201
6.25,0.0402725,-0.0398633,0.0394307
6.26,0.0398777,-0.0394729,0.039045
6.27,0.0394869,-0.0390862,0.0386631
6.28,0.0390998,-0.0387034,0.038285
6.29,0.0387166,-0.0383243,0.0379105
6.3,0.0383371,-0.0379489,0.0375397
6.31,0.0379613,-0.0375772,0.0371725
6.32,0.0375892,-0.0372091,0.0368088
6.33,0.0372208,-0.0368446,0.0364487
6.34,0.036856,-0.0364837,0.0360922
6.35,0.0364947,-0.0361263,0.0357391
6.36,0.036137,-0.0357724,0.0353894
6.37,0.0357828,-0.035422,0.0350432
6.38,0.035432,-0.0350749,0.0347003
6.39,0.0350847,-0.0347313,0.0343608
6.4,0.0347408,-0.0343911,0.0340246
6.41,0.0344002,-0.0340542,0.0336917
6.42,0.034063,-0.0337206,0.033362
6.43,0.0337291,-0.0333902,0.0330356
6.44,0.0333985,-0.0330631,0.0327123
6.45,0.0330711,-0.0327392,0.0323922
6.46,0.0327469,-0.0324184,0.0320752
6.47,0.0324259,-0.0321008,0.0317614
6.48,0.0321081,-0.0317863,0.0314505
6.49,0.0317933,-0.0314749,0.0311427
6.5,0.0314816,-0.0311665,0.030838
6.51,0.031173,-0.0308611,0.0305361
6.52,0.0308674,-0.0305587,0.0302373
6.53,0.0305649,-0.0302593,0.0299413
6.54,0.0302652,-0.0299628,0.0296483
6.55,0.0299685,-0.0296693,0.0293581
6.56,0.0296747,-0.0293786,0.0290707
6.57,0.0293838,-0.0290907,0.0287862
6.58,0.0290958,-0.0288057,0.0285044
6.59,0.0288105,-0.0285234,0.0282254
6.6,0.0285281,-0.0282439,0.0279491
6.61,0.0282484,-0.0279672,0.0276755
6.62,0.0279715,-0.0276931,0.0274046
6.63,0.0276973,-0.0274217,0.0271363
6.64,0.0274258,-0.027153,0.0268707
6.65,0.0271569,-0.026887,0.0266076
6.66,0.0268907,-0.0266235,0.0263471
6.67,0.026627,-0.0263626,0.0260892
6.68,0.026366,-0.0261043,0.0258337
6.69,0.0261075,-0.0258485,0.0255808
6.7,0.0258515,-0.0255951,0.0253304
6.71,0.0255981,-0.0253443,0.0250823
6.72,0.0253471,-0.025096,0.0248368
6.73,0.0250986,-0.02485,0.0245936
6.74,0.0248526,-0.0246065,0.0243528
6.75,0.0246089,-0.0243654,0.0241143
6.76,0.0243677,-0.0241266,0.0238782
6.77,0.0241288,-0.0238901,0.0236444
6.78,0.0238922,-0.023656,0.0234129
6.79,0.023658,-0.0234242,0.0231836
6.8,0.023426,-0.0231946,0.0229566
6.81,0.0231963,-0.0229673,0.0227318
6.82,0.0229689,-0.0227422,0.0225092
6.83,0.0227437,-0.0225193,0.0222887
6.84,0.0225207,-0.0222986,0.0220704
6.85,0.0222999,-0.0220801,0.0218543
6.86,0.0220813,-0.0218636,0.0216403
6.87,0.0218648,-0.0216494,0.0214283
6.88,0.0216504,-0.0214372,0.0212185
6.89,0.0214382,-0.0212271,0.0210107
6.9,0.021228,-0.021019,0.0208049
6.91,0.0210198,-0.020813,0.0206011
6.92,0.0208138,-0.020609,0.0203993
6.93,0.0206097,-0.020407,0.0201995
6.94,0.0204076,-0.020207,0.0200017
6.95,0.0202075,-0.0200089,0.0198058
6.96,0.0200094,-0.0198128,0.0196118
6.97,0.0198132,-0.0196186,0.0194197
6.98,0.0196189,-0.0194263,0.0192295
6.99,0.0194266,-0.0192359,0.0190411
7,0.0192361,-0.0190474,0.0188546
7.01,0.0190475,-0.0188607,0.0186699
7.02,0.0188607,-0.0186758,0.018487
7.03,0.0186758,-0.0184928,0.0183059
7.04,0.0184927,-0.0183115,0.0181266
7.05,0.0183114,-0.018132,0.017949
7.06,0.0181318,-0.0179543,0.0177732
7.07,0.0179541,-0.0177783,0.0175991
7.08,0.017778,-0.017604,0.0174267
7.09,0.0176037,-0.0174314,0.017256
7.1,0.0174311,-0.0172606,0.0170869
7.11,0.0172602,-0.0170914,0.0169195
7.12,0.0170909,-0.0169238,0.0167538
7.13,0.0169234,-0.0167579,0.0165896
7.14,0.0167574,-0.0165937,0.0164271
7.15,0.0165931,-0.016431,0.0162662
7.16,0.0164304,-0.0162699,0.0161068
7.17,0.0162693,-0.0161105,0.015949
7.18,0.0161098,-0.0159525,0.0157927
7.19,0.0159518,-0.0157962,0.015638
7.2,0.0157954,-0.0156413,0.0154848
7.21,0.0156405,-0.015488,0.0153331
7.22,0.0154872,-0.0153361,0.0151828
7.23,0.0153353,-0.0151858,0.0150341
7.24,0.015185,-0.0150369,0.0148868
7.25,0.0150361,-0.0148895,0.0147409
7.26,0.0148886,-0.0147436,0.0145965
7.27,0.0147426,-0.014599,0.0144534
7.28,0.0145981,-0.0144559,0.0143118
7.29,0.0144549,-0.0143142,0.0141716
7.3,0.0143132,-0.0141739,0.0140327
7.31,0.0141728,-0.0140349,0.0138952
7.32,0.0140339,-0.0138973,0.0137591
7.33,0.0138963,-0.0137611,0.0136242
7.34,0.01376,-0.0136262,0.0134907
7.35,0.0136251,-0.0134926,0.0133585
7.36,0.0134915,-0.0133603,0.0132276
7.37,0.0133592,-0.0132293,0.013098
7.38,0.0132282,-0.0130996,0.0129696
7.39,0.0130985,-0.0129712,0.0128426
7.4,0.01297,-0.012844,0.0127167
7.41,0.0128428,-0.0127181,0.0125921
7.42,0.0127169,-0.0125934,0.0124687
7.43,0.0125922,-0.01247,0.0123465
7.44,0.0124687,-0.0123477,0.0122255
7.45,0.0123465,-0.0122267,0.0121057
7.46,0.0122254,-0.0121068,0.011987
7.47,0.0121055,-0.0119881,0.0118696
7.48,0.0119868,-0.0118706,0.0117532
7.49,0.0118693,-0.0117542,0.0116381
7.5,0.0117529,-0.0116389,0.011524
7.51,0.0116376,-0.0115248,0.0114111
7.52,0.0115235,-0.0114118,0.0112992
7.53,0.0114105,-0.0113,0.0111885
7.54,0.0112986,-0.0111892,0.0110788
7.55,0.0111878,-0.0110795,0.0109702
7.56,0.0110781,-0.0109708,0.0108627
7.57,0.0109695,-0.0108633,0.0107563
7.58,0.0108619,-0.0107568,0.0106508
7.59,0.0107554,-0.0106513,0.0105465
7.6,0.0106499,-0.0105469,0.0104431
7.61,0.0105455,-0.0104435,0.0103407
7.62,0.0104421,-0.0103411,0.0102394
7.63,0.0103397,-0.0102397,0.010139
7.64,0.0102383,-0.0101393,0.0100396
7.65,0.0101379,-0.0100399,0.00994124
7.66,0.0100385,-0.00994143,0.0098438
7.67,0.00994005,-0.00984396,0.00974731
7.68,0.00984257,-0.00974744,0.00965177
7.69,0.00974606,-0.00965187,0.00955717
7.7,0.00965048,-0.00955723,0.00946349
7.71,0.00955585,-0.00946352,0.00937073
7.72,0.00946214,-0.00937074,0.00927888
7.73,0.00936935,-0.00927886,0.00918793
7.74,0.00927747,-0.00918788,0.00909786
7.75,0.0091865,-0.00909779,0.00900869
7.76,0.00909641,-0.00900859,0.00892038
7.77,0.00900721,-0.00892026,0.00883294
7.78,0.00891888,-0.00883279,0.00874636
7.79,0.00883142,-0.00874619,0.00866062
7.8,0.00874481,-0.00866043,0.00857573
7.81,0.00865906,-0.00857551,0.00849167
7.82,0.00857414,-0.00849143,0.00840843
7.83,0.00849006,-0.00840817,0.008326
7.84,0.0084068,-0.00832573,0.00824438
7.85,0.00832436,-0.00824409,0.00816357
7.86,0.00824273,-0.00816325,0.00808354
7.87,0.0081619,-0.00808321,0.0080043
7.88,0.00808186,-0.00800395,0.00792584
7.89,0.00800261,-0.00792547,0.00784814
7.9,0.00792413,-0.00784776,0.00777121
7.91,0.00784642,-0.00777081,0.00769502
7.92,0.00776947,-0.00769461,0.00761959
7.93,0.00769328,-0.00761916,0.00754489
7.94,0.00761784,-0.00754446,0.00747093
7.95,0.00754313,-0.00747048,0.00739769
7.96,0.00746916,-0.00739723,0.00732517
7.97,0.00739591,-0.00732469,0.00725336
7.98,0.00732338,-0.00725287,0.00718225
7.99,0.00725157,-0.00718175,0.00711184
8,0.00718045,-0.00711133,0.00704212
8.01,0.00711004,-0.0070416,0.00697309
8.02,0.00704031,-0.00697255,0.00690473
8.03,0.00697127,-0.00690418,0.00683703
8.04,0.00690291,-0.00683648,0.00677001
8.05,0.00683521,-0.00676945,0.00670364
8.06,0.00676818,-0.00670307,0.00663792
8.07,0.00670181,-0.00663734,0.00657284
8.08,0.00663608,-0.00657225,0.0065084
8.09,0.00657101,-0.00650781,0.0064446
8.1,0.00650657,-0.00644399,0.00638141
8.11,0.00644276,-0.00638081,0.00631885
8.12,0.00637958,-0.00631824,0.0062569
8.13,0.00631701,-0.00625628,0.00619556
8.14,0.00625506,-0.00619493,0.00613482
8.15,0.00619372,-0.00613419,0.00607467
8.16,0.00613298,-0.00607404,0.00601512
8.17,0.00607284,-0.00601447,0.00595614
8.18,0.00601328,-0.0059555,0.00589775
8.19,0.00595431,-0.0058971,0.00583993
8.2,0.00589592,-0.00583927,0.00578267
8.21,0.0058381,-0.00578201,0.00572598
8.22,0.00578084,-0.00572531,0.00566984
8.23,0.00572415,-0.00566917,0.00561425
8.24,0.00566802,-0.00561358,0.0055592
8.25,0.00561243,-0.00555853,0.0055047
8.26,0.00555739,-0.00550402,0.00545073
8.27,0.00550289,-0.00545005,0.00539729
8.28,0.00544893,-0.00539661,0.00534437
8.29,0.00539549,-0.00534369,0.00529197
8.3,0.00534258,-0.00529129,0.00524009
8.31,0.00529018,-0.0052394,0.00518871
8.32,0.0052383,-0.00518802,0.00513784
8.33,0.00518693,-0.00513715,0.00508746
8.34,0.00513606,-0.00508677,0.00503758
8.35,0.00508569,-0.00503689,0.00498819
8.36,0.00503582,-0.0049875,0.00493928
8.37,0.00498643,-0.00493859,0.00489085
8.38,0.00493753,-0.00489016,0.0048429
8.39,0.00488911,-0.0048422,0.00479541
8.4,0.00484116,-0.00479472,0.0047484
8.41,0.00479368,-0.0047477,0.00470184
8.42,0.00474667,-0.00470114,0.00465574
8.43,0.00470012,-0.00465504,0.00461009
8.44,0.00465403,-0.00460939,0.00456489
8.45,0.00460839,-0.00456419,0.00452013
8.46,0.00456319,-0.00451944,0.00447581
8.47,0.00451844,-0.00447512,0.00443192
8.48,0.00447413,-0.00443123,0.00438847
8.49,0.00443025,-0.00438778,0.00434544
8.5,0.0043868,-0.00434475,0.00430283
8.51,0.00434378,-0.00430214,0.00426064
8.52,0.00430118,-0.00425995,0.00421886
8.53,0.004259,-0.00421818,0.0041775
8.54,0.00421723,-0.00417681,0.00413654
8.55,0.00417587,-0.00413585,0.00409598
8.56,0.00413492,-0.0040953,0.00405581
8.57,0.00409437,-0.00405514,0.00401604
8.58,0.00405422,-0.00401537,0.00397667
8.59,0.00401446,-0.00397599,0.00393767
8.6,0.00397509,-0.003937,0.00389906
8.61,0.0039361,-0.00389839,0.00386083
8.62,0.0038975,-0.00386016,0.00382297
8.63,0.00385928,-0.00382231,0.00378549
8.64,0.00382143,-0.00378482,0.00374837
8.65,0.00378395,-0.00374771,0.00371162
8.66,0.00374684,-0.00371096,0.00367522
8.67,0.0037101,-0.00367456,0.00363918
8.68,0.00367371,-0.00363853,0.0036035
8.69,0.00363768,-0.00360285,0.00356816
8.7,0.00360201,-0.00356752,0.00353318
8.71,0.00356668,-0.00353253,0.00349853
8.72,0.0035317,-0.00349789,0.00346423
8.73,0.00349707,-0.00346359,0.00343026
8.74,0.00346277,-0.00342962,0.00339662
8.75,0.00342881,-0.00339599,0.00336332
8.76,0.00339519,-0.00336268,0.00333034
8.77,0.00336189,-0.00332971,0.00329768
8.78,0.00332892,-0.00329705,0.00326534
8.79,0.00329627,-0.00326472,0.00323332
8.8,0.00326394,-0.0032327,0.00320162
8.81,0.00323193,-0.003201,0.00317022
8.82,0.00320024,-0.00316961,0.00313914
8.83,0.00316885,-0.00313853,0.00310836
8.84,0.00313777,-0.00310775,0.00307788
8.85,0.003107,-0.00307727,0.00304769
8.86,0.00307653,-0.00304709,0.00301781
8.87,0.00304636,-0.00301721,0.00298822
8.88,0.00301648,-0.00298762,0.00295891
8.89,0.0029869,-0.00295832,0.0029299
8.9,0.00295761,-0.00292931,0.00290117
8.91,0.0029286,-0.00290058,0.00287272
8.92,0.00289988,-0.00287214,0.00284455
8.93,0.00287144,-0.00284397,0.00281666
8.94,0.00284328,-0.00281608,0.00278904
8.95,0.00281539,-0.00278846,0.00276169
8.96,0.00278778,-0.00276112,0.0027346
8.97,0.00276044,-0.00273404,0.00270779
8.98,0.00273337,-0.00270723,0.00268124
8.99,0.00270656,-0.00268068,0.00265494
9,0.00268002,-0.00265439,0.00262891
9.01,0.00265374,-0.00262836,0.00260313
9.02,0.00262771,-0.00260258,0.0025776
9.03,0.00260194,-0.00257706,0.00255233
9.04,0.00257642,-0.00255179,0.0025273
9.05,0.00255115,-0.00252676,0.00250251
9.06,0.00252613,-0.00250198,0.00247797
9.07,0.00250136,-0.00247744,0.00245367
9.08,0.00247683,-0.00245315,0.00242961
9.09,0.00245254,-0.00242909,0.00240579
9.1,0.00242848,-0.00240527,0.0023822
9.11,0.00240467,-0.00238168,0.00235884
9.12,0.00238108,-0.00235832,0.0023357
9.13,0.00235773,-0.00233519,0.0023128
9.14,0.00233461,-0.00231229,0.00229012
9.15,0.00231171,-0.00228962,0.00226766
9.16,0.00228904,-0.00226716,0.00224542
9.17,0.00226659,-0.00224493,0.0022234
9.18,0.00224436,-0.00222291,0.0022016
9.19,0.00222235,-0.00220111,0.00218001
9.2,0.00220056,-0.00217953,0.00215863
9.21,0.00217898,-0.00215815,0.00213746
9.22,0.00215761,-0.00213699,0.0021165
9.23,0.00213645,-0.00211603,0.00209575
9.24,0.00211549,-0.00209528,0.0020752
9.25,0.00209475,-0.00207473,0.00205485
9.26,0.0020742,-0.00205438,0.0020347
9.27,0.00205386,-0.00203423,0.00201474
9.28,0.00203372,-0.00201428,0.00199498
9.29,0.00201377,-0.00199453,0.00197542
9.3,0.00199402,-0.00197497,0.00195605
9.31,0.00197447,-0.0019556,0.00193687
9.32,0.0019551,-0.00193642,0.00191787
9.33,0.00193593,-0.00191743,0.00189906
9.34,0.00191694,-0.00189863,0.00188044
9.35,0.00189814,-0.00188001,0.001862
9.36,0.00187952,-0.00186157,0.00184374
9.37,0.00186109,-0.00184331,0.00182566
9.38,0.00184284,-0.00182524,0.00180776
9.39,0.00182477,-0.00180734,0.00179003
9.4,0.00180687,-0.00178961,0.00177247
9.41,0.00178915,-0.00177206,0.00175509
9.42,0.0017716,-0.00175468,0.00173788
9.43,0.00175423,-0.00173747,0.00172084
9.44,0.00173702,-0.00172043,0.00170396
9.45,0.00171999,-0.00170356,0.00168725
9.46,0.00170312,-0.00168685,0.00167071
9.47,0.00168642,-0.00167031,0.00165432
9.48,0.00166988,-0.00165393,0.0016381
9.49,0.0016535,-0.00163771,0.00162203
9.5,0.00163728,-0.00162165,0.00160613
9.51,0.00162123,-0.00160574,0.00159038
9.52,0.00160533,-0.00159,0.00157478
9.53,0.00158958,-0.0015744,0.00155934
9.54,0.00157399,-0.00155896,0.00154404
9.55,0.00155856,-0.00154367,0.0015289
9.56,0.00154327,-0.00152853,0.00151391
9.57,0.00152813,-0.00151354,0.00149906
9.58,0.00151315,-0.0014987,0.00148436
9.59,0.00149831,-0.001484,0.0014698
9.6,0.00148361,-0.00146945,0.00145539
9.61,0.00146906,-0.00145504,0.00144112
9.62,0.00145466,-0.00144077,0.00142698
9.63,0.00144039,-0.00142664,0.00141299
9.64,0.00142626,-0.00141265,0.00139913
9.65,0.00141227,-0.00139879,0.00138541
9.66,0.00139842,-0.00138507,0.00137183
9.67,0.00138471,-0.00137149,0.00135837
9.68,0.00137113,-0.00135804,0.00134505
9.69,0.00135768,-0.00134472,0.00133186
9.7,0.00134437,-0.00133153,0.0013188
9.71,0.00133118,-0.00131847,0.00130587
9.72,0.00131813,-0.00130554,0.00129306
9.73,0.0013052,-0.00129274,0.00128038
9.74,0.0012924,-0.00128006,0.00126782
9.75,0.00127972,-0.00126751,0.00125539
9.76,0.00126717,-0.00125508,0.00124308
9.77,0.00125474,-0.00124277,0.00123089
9.78,0.00124244,-0.00123058,0.00121881
9.79,0.00123025,-0.00121851,0.00120686
9.8,0.00121819,-0.00120656,0.00119503
9.81,0.00120624,-0.00119473,0.00118331
9.82,0.00119441,-0.00118301,0.0011717
9.83,0.0011827,-0.00117141,0.00116021
9.84,0.0011711,-0.00115992,0.00114883
9.85,0.00115961,-0.00114854,0.00113757
9.86,0.00114824,-0.00113728,0.00112641
9.87,0.00113698,-0.00112613,0.00111536
9.88,0.00112583,-0.00111508,0.00110443
9.89,0.00111479,-0.00110415,0.00109359
9.9,0.00110385,-0.00109332,0.00108287
9.91,0.00109303,-0.0010826,0.00107225
9.92,0.00108231,-0.00107198,0.00106173
9.93,0.00107169,-0.00106146,0.00105132
9.94,0.00106118,-0.00105105,0.00104101
9.95,0.00105077,-0.00104075,0.0010308
9.96,0.00104047,-0.00103054,0.00102069
9.97,0.00103026,-0.00102043,0.00101068
9.98,0.00102016,-0.00101043,0.00100077
9.99,0.00101015,-0.00100052,0.000990956
10,0.00100025,-0.000990703,0.000981238
10.01,0.000990438,-0.000980987,0.000971615
10.02,0.000980724,-0.000971366,0.000962086
10.03,0.000971106,-0.00096184,0.000952651
10.04,0.000961581,-0.000952407,0.000943308
10.05,0.000952151,-0.000943066,0.000934057
10.06,0.000942813,-0.000933817,0.000924897
10.07,0.000933566,-0.000924659,0.000915826
10.08,0.00092441,-0.00091559,0.000906845
10.09,0.000915344,-0.000906611,0.000897951
10.1,0.000906367,-0.000897719,0.000889145
10.11,0.000897478,-0.000888915,0.000880425
10.12,0.000888676,-0.000880197,0.00087179
10.13,0.00087996,-0.000871565,0.000863241
10.14,0.00087133,-0.000863017,0.000854775
10.15,0.000862784,-0.000854553,0.000846392
10.16,0.000854323,-0.000846172,0.000838091
10.17,0.000845944,-0.000837874,0.000829872
10.18,0.000837647,-0.000829656,0.000821733
10.19,0.000829432,-0.00082152,0.000813674
10.2,0.000821298,-0.000813463,0.000805694
10.21,0.000813243,-0.000805485,0.000797793
10.22,0.000805267,-0.000797585,0.000789969
10.23,0.000797369,-0.000789763,0.000782221
10.24,0.000789549,-0.000782017,0.00077455
10.25,0.000781806,-0.000774348,0.000766954
10.26,0.000774138,-0.000766753,0.000759432
10.27,0.000766546,-0.000759234,0.000751984
10.28,0.000759028,-0.000751787,0.000744609
10.29,0.000751584,-0.000744414,0.000737307
10.3,0.000744213,-0.000737114,0.000730076
10.31,0.000736914,-0.000729884,0.000722916
10.32,0.000729686,-0.000722726,0.000715826
10.33,0.00072253,-0.000715638,0.000708806
10.34,0.000715444,-0.00070862,0.000701854
10.35,0.000708427,-0.00070167,0.000694971
10.36,0.000701479,-0.000694788,0.000688155
10.37,0.000694599,-0.000687974,0.000681407
10.38,0.000687787,-0.000681227,0.000674724
10.39,0.000681042,-0.000674546,0.000668107
10.4,0.000674362,-0.00066793,0.000661554
10.41,0.000667749,-0.00066138,0.000655066
10.42,0.0006612,-0.000654893,0.000648642
10.43,0.000654715,-0.000648471,0.000642281
10.44,0.000648294,-0.000642111,0.000635982
10.45,0.000641936,-0.000635813,0.000629744
10.46,0.00063564,-0.000629578,0.000623568
10.47,0.000629406,-0.000623403,0.000617453
10.48,0.000623233,-0.000617289,0.000611397
10.49,0.000617121,-0.000611235,0.000605401
10.5,0.000611068,-0.00060524,0.000599464
10.51,0.000605075,-0.000599305,0.000593585
10.52,0.000599141,-0.000593427,0.000587763
10.53,0.000593265,-0.000587607,0.000581999
10.54,0.000587447,-0.000581844,0.000576291
10.55,0.000581685,-0.000576138,0.000570639
10.56,0.00057598,-0.000570487,0.000565043
10.57,0.000570331,-0.000564892,0.000559501
10.58,0.000564738,-0.000559352,0.000554014
10.59,0.000559199,-0.000553866,0.000548581
10.6,0.000553715,-0.000548434,0.000543201
10.61,0.000548284,-0.000543056,0.000537873
10.62,0.000542907,-0.00053773,0.000532598
10.63,0.000537582,-0.000532456,0.000527375
10.64,0.00053231,-0.000527234,0.000522203
10.65,0.000527089,-0.000522063,0.000517081
10.66,0.00052192,-0.000516943,0.00051201
10.67,0.000516801,-0.000511873,0.000506989
10.68,0.000511733,-0.000506853,0.000502016
10.69,0.000506714,-0.000501882,0.000497093
10.7,0.000501744,-0.00049696,0.000492218
10.71,0.000496823,-0.000492086,0.000487391
10.72,0.000491951,-0.00048726,0.000482611
10.73,0.000487126,-0.000482481,0.000477877
10.74,0.000482349,-0.000477749,0.000473191
10.75,0.000477618,-0.000473064,0.00046855
10.76,0.000472934,-0.000468424,0.000463955
10.77,0.000468295,-0.00046383,0.000459405
10.78,0.000463703,-0.000459281,0.000454899
10.79,0.000459155,-0.000454777,0.000450438
10.8,0.000454652,-0.000450316,0.00044602
10.81,0.000450193,-0.0004459,0.000441646
10.82,0.000445777,-0.000441527,0.000437314
10.83,0.000441405,-0.000437197,0.000433026
10.84,0.000437076,-0.000432909,0.000428779
10.85,0.00043279,-0.000428663,0.000424574
10.86,0.000428545,-0.000424459,0.00042041
10.87,0.000424342,-0.000420296,0.000416286
10.88,0.00042018,-0.000416174,0.000412204
10.89,0.000416059,-0.000412092,0.000408161
10.9,0.000411979,-0.000408051,0.000404158
10.91,0.000407938,-0.000404049,0.000400194
10.92,0.000403938,-0.000400086,0.00039627
10.93,0.000399976,-0.000396162,0.000392383
10.94,0.000396053,-0.000392277,0.000388535
10.95,0.000392169,-0.00038843,0.000384724
10.96,0.000388323,-0.00038462,0.000380951
10.97,0.000384514,-0.000380848,0.000377215
10.98,0.000380743,-0.000377113,0.000373516
10.99,0.000377009,-0.000373414,0.000369852
11,0.000373311,-0.000369752,0.000366225
11.01,0.00036965,-0.000366126,0.000362633
11.02,0.000366025,-0.000362535,0.000359077
11.03,0.000362435,-0.000358979,0.000355555
11.04,0.00035888,-0.000355459,0.000352068
11.05,0.000355361,-0.000351973,0.000348615
11.06,0.000351876,-0.000348521,0.000345196
11.07,0.000348425,-0.000345103,0.000341811
11.08,0.000345007,-0.000341718,0.000338459
11.09,0.000341624,-0.000338367,0.000335139
11.1,0.000338273,-0.000335048,0.000331852
11.11,0.000334956,-0.000331762,0.000328598
11.12,0.00033167,-0.000328508,0.000325375
11.13,0.000328418,-0.000325286,0.000322184
11.14,0.000325197,-0.000322096,0.000319024
11.15,0.000322007,-0.000318937,0.000315895
11.16,0.000318849,-0.000315809,0.000312797
11.17,0.000315722,-0.000312712,0.00030973
11.18,0.000312626,-0.000309645,0.000306692
11.19,0.00030956,-0.000306608,0.000303684
11.2,0.000306524,-0.000303601,0.000300706
11.21,0.000303517,-0.000300624,0.000297757
11.22,0.000300541,-0.000297675,0.000294836
11.23,0.000297593,-0.000294756,0.000291945
11.24,0.000294674,-0.000291865,0.000289082
11.25,0.000291784,-0.000289003,0.000286246
11.26,0.000288923,-0.000286168,0.000283439
11.27,0.000286089,-0.000283362,0.000280659
11.28,0.000283283,-0.000280583,0.000277907
11.29,0.000280505,-0.000277831,0.000275181
11.3,0.000277754,-0.000275106,0.000272482
11.31,0.00027503,-0.000272408,0.00026981
11.32,0.000272332,-0.000269736,0.000267164
11.33,0.000269661,-0.000267091,0.000264544
11.34,0.000267017,-0.000264471,0.000261949
11.35,0.000264398,-0.000261877,0.00025938
11.36,0.000261805,-0.000259309,0.000256836
11.37,0.000259237,-0.000256766,0.000254317
11.38,0.000256695,-0.000254248,0.000251823
11.39,0.000254177,-0.000251754,0.000249353
11.4,0.000251684,-0.000249285,0.000246908
11.41,0.000249216,-0.00024684,0.000244486
11.42,0.000246772,-0.000244419,0.000242089
11.43,0.000244352,-0.000242022,0.000239714
11.44,0.000241955,-0.000239648,0.000237363
11.45,0.000239582,-0.000237298,0.000235035
11.46,0.000237232,-0.000234971,0.00023273
11.47,0.000234906,-0.000232666,0.000230448
11.48,0.000232602,-0.000230384,0.000228188
11.49,0.000230321,-0.000228125,0.00022595
11.5,0.000228062,-0.000225888,0.000223734
11.51,0.000225825,-0.000223672,0.000221539
11.52,0.00022361,-0.000221479,0.000219367
11.53,0.000221417,-0.000219306,0.000217215
11.54,0.000219246,-0.000217156,0.000215085
11.55,0.000217095,-0.000215026,0.000212976
11.56,0.000214966,-0.000212917,0.000210887
11.57,0.000212858,-0.000210829,0.000208819
11.58,0.00021077,-0.000208761,0.000206771
11.59,0.000208703,-0.000206714,0.000204743
11.6,0.000206656,-0.000204686,0.000202735
11.61,0.000204629,-0.000202679,0.000200746
11.62,0.000202623,-0.000200691,0.000198778
11.63,0.000200635,-0.000198723,0.000196828
11.64,0.000198668,-0.000196774,0.000194898
11.65,0.000196719,-0.000194844,0.000192986
11.66,0.00019479,-0.000192933,0.000191093
11.67,0.000192879,-0.000191041,0.000189219
11.68,0.000190988,-0.000189167,0.000187364
11.69,0.000189115,-0.000187312,0.000185526
11.7,0.00018726,-0.000185475,0.000183706
11.71,0.000185423,-0.000183656,0.000181905
11.72,0.000183605,-0.000181855,0.000180121
11.73,0.000181804,-0.000180071,0.000178354
11.74,0.000180021,-0.000178305,0.000176605
11.75,0.000178255,-0.000176556,0.000174873
11.76,0.000176507,-0.000174825,0.000173158
11.77,0.000174776,-0.00017311,0.00017146
11.78,0.000173062,-0.000171412,0.000169778
11.79,0.000171365,-0.000169731,0.000168113
11.8,0.000169684,-0.000168067,0.000166464
11.81,0.00016802,-0.000166418,0.000164832
11.82,0.000166372,-0.000164786,0.000163215
11.83,0.00016474,-0.00016317,0.000161614
11.84,0.000163125,-0.00016157,0.000160029
11.85,0.000161525,-0.000159985,0.00015846
11.86,0.000159941,-0.000158416,0.000156906
11.87,0.000158372,-0.000156862,0.000155367
11.88,0.000156819,-0.000155324,0.000153843
11.89,0.000155281,-0.000153801,0.000152334
11.9,0.000153758,-0.000152292,0.00015084
11.91,0.00015225,-0.000150799,0.000149361
11.92,0.000150757,-0.00014932,0.000147896
11.93,0.000149278,-0.000147855,0.000146446
11.94,0.000147814,-0.000146405,0.000145009
11.95,0.000146364,-0.000144969,0.000143587
11.96,0.000144929,-0.000143547,0.000142179
11.97,0.000143507,-0.00014214,0.000140784
11.98,0.0001421,-0.000140745,0.000139404
11.99,0.000140706,-0.000139365,0.000138037
12,0.000139326,-0.000137998,0.000136683
12.01,0.00013796,-0.000136645,0.000135342
12.02,0.000136607,-0.000135305,0.000134015
12.03,0.000135267,-0.000133978,0.0001327
12.04,0.00013394,-0.000132664,0.000131399
12.05,0.000132627,-0.000131363,0.00013011
12.06,0.000131326,-0.000130074,0.000128834
12.07,0.000130038,-0.000128799,0.000127571
12.08,0.000128763,-0.000127535,0.00012632
12.09,0.0001275,-0.000126285,0.000125081
12.1,0.000126249,-0.000125046,0.000123854
12.11,0.000125011,-0.00012382,0.000122639
12.12,0.000123785,-0.000122605,0.000121436
12.13,0.000122571,-0.000121403,0.000120245
12.14,0.000121369,-0.000120212,0.000119066
12.15,0.000120179,-0.000119033,0.000117898
12.16,0.000119,-0.000117866,0.000116742
12.17,0.000117833,-0.00011671,0.000115597
12.18,0.000116677,-0.000115565,0.000114463
12.19,0.000115533,-0.000114432,0.000113341
12.2,0.0001144,-0.000113309,0.000112229
12.21,0.000113278,-0.000112198,0.000111129
12.22,0.000112167,-0.000111098,0.000110039
12.23,0.000111067,-0.000110008,0.000108959
12.24,0.000109978,-0.000108929,0.000107891
12.25,0.000108899,-0.000107861,0.000106833
12.26,0.000107831,-0.000106803,0.000105785
12.27,0.000106773,-0.000105756,0.000104747
12.28,0.000105726,-0.000104718,0.00010372
12.29,0.000104689,-0.000103691,0.000102703
12.3,0.000103663,-0.000102674,0.000101696
12.31,0.000102646,-0.000101667,0.000100698
12.32,0.000101639,-0.00010067,9.97107e-05
12.33,0.000100642,-9.9683e-05,9.87328e-05
12.34,9.96552e-05,-9.87054e-05,9.77645e-05
12.35,9.86779e-05,-9.77373e-05,9.68056e-05
12.36,9.77101e-05,-9.67788e-05,9.58562e-05
12.37,9.67518e-05,-9.58296e-05,9.49161e-05
12.38,9.58029e-05,-9.48897e-05,9.39852e-05
12.39,9.48633e-05,-9.39591e-05,9.30634e-05
12.4,9.39329e-05,-9.30376e-05,9.21507e-05
12.41,9.30117e-05,-9.21251e-05,9.1247e-05
12.42,9.20995e-05,-9.12216e-05,9.0352e-05
12.43,9.11962e-05,-9.0327e-05,8.94659e-05
12.44,9.03018e-05,-8.94411e-05,8.85885e-05
12.45,8.94161e-05,-8.85639e-05,8.77196e-05
12.46,8.85392e-05,-8.76953e-05,8.68593e-05
12.47,8.76708e-05,-8.68352e-05,8.60075e-05
12.48,8.6811e-05,-8.59836e-05,8.51639e-05
12.49,8.59596e-05,-8.51403e-05,8.43287e-05
12.5,8.51165e-05,-8.43053e-05,8.35016e-05
12.51,8.42818e-05,-8.34784e-05,8.26827e-05
12.52,8.34552e-05,-8.26597e-05,8.18718e-05
12.53,8.26367e-05,-8.1849e-05,8.10688e-05
12.54,8.18262e-05,-8.10463e-05,8.02737e-05
12.55,8.10237e-05,-8.02514e-05,7.94865e-05
12.56,8.0229e-05,-7.94644e-05,7.87069e-05
12.57,7.94422e-05,-7.8685e-05,7.7935e-05
12.58,7.86631e-05,-7.79133e-05,7.71706e-05
12.59,7.78916e-05,-7.71492e-05,7.64138e-05
12.6,7.71276e-05,-7.63925e-05,7.56643e-05
12.61,7.63712e-05,-7.56433e-05,7.49223e-05
12.62,7.56222e-05,-7.49014e-05,7.41875e-05
12.63,7.48805e-05,-7.41668e-05,7.34599e-05
12.64,7.41461e-05,-7.34394e-05,7.27394e-05
12.65,7.34189e-05,-7.27192e-05,7.2026e-05
12.66,7.26989e-05,-7.2006e-05,7.13196e-05
12.67,7.19859e-05,-7.12998e-05,7.06201e-05
12.68,7.12799e-05,-7.06005e-05,6.99275e-05
12.69,7.05808e-05,-6.99081e-05,6.92417e-05
12.7,6.98886e-05,-6.92225e-05,6.85626e-05
12.71,6.92031e-05,-6.85436e-05,6.78902e-05
12.72,6.85244e-05,-6.78713e-05,6.72244e-05
12.73,6.78524e-05,-6.72057e-05,6.65651e-05
12.74,6.71869e-05,-6.65465e-05,6.59122e-05
12.75,6.6528e-05,-6.58939e-05,6.52658e-05
12.76,6.58755e-05,-6.52476e-05,6.46257e-05
12.77,6.52294e-05,-6.46077e-05,6.39919e-05
12.78,6.45897e-05,-6.39741e-05,6.33643e-05
12.79,6.39562e-05,-6.33466e-05,6.27428e-05
12.8,6.3329e-05,-6.27254e-05,6.21275e-05
12.81,6.27079e-05,-6.21102e-05,6.15182e-05
12.82,6.20928e-05,-6.1501e-05,6.09148e-05
12.83,6.14839e-05,-6.08979e-05,6.03174e-05
12.84,6.08809e-05,-6.03006e-05,5.97258e-05
12.85,6.02838e-05,-5.97092e-05,5.91401e-05
12.86,5.96925e-05,-5.91236e-05,5.856e-05
12.87,5.91071e-05,-5.85437e-05,5.79857e-05
12.88,5.85274e-05,-5.79696e-05,5.7417e-05
12.89,5.79534e-05,-5.7401e-05,5.68539e-05
12.9,5.7385e-05,-5.68381e-05,5.62963e-05
12.91,5.68222e-05,-5.62806e-05,5.57442e-05
12.92,5.62649e-05,-5.57286e-05,5.51975e-05
12.93,5.57131e-05,-5.51821e-05,5.46561e-05
12.94,5.51667e-05,-5.46409e-05,5.41201e-05
12.95,5.46256e-05,-5.4105e-05,5.35893e-05
12.96,5.40899e-05,-5.35744e-05,5.30637e-05
12.97,5.35594e-05,-5.30489e-05,5.25433e-05
12.98,5.30341e-05,-5.25286e-05,5.2028e-05
12.99,5.2514e-05,-5.20135e-05,5.15177e-05
13,5.19989e-05,-5.15033e-05,5.10124e-05
13.01,5.1489e-05,-5.09982e-05,5.05121e-05
13.02,5.0984e-05,-5.04981e-05,5.00167e-05
13.03,5.0484e-05,-5.00028e-05,4.95262e-05
13.04,4.99888e-05,-4.95124e-05,4.90405e-05
13.05,4.94986e-05,-4.90268e-05,4.85595e-05
13.06,4.90131e-05,-4.8546e-05,4.80832e-05
13.07,4.85324e-05,-4.80698e-05,4.76117e-05
13.08,4.80564e-05,-4.75984e-05,4.71447e-05
13.09,4.75851e-05,-4.71316e-05,4.66823e-05
13.1,4.71184e-05,-4.66693e-05,4.62245e-05
13.11,4.66563e-05,-4.62116e-05,4.57712e-05
13.12,4.61987e-05,-4.57584e-05,4.53222e-05
13.13,4.57456e-05,-4.53096e-05,4.48777e-05
13.14,4.5297e-05,-4.48652e-05,4.44376e-05
13.15,4.48527e-05,-4.44252e-05,4.40018e-05
13.16,4.44128e-05,-4.39895e-05,4.35702e-05
13.17,4.39772e-05,-4.35581e-05,4.31429e-05
13.18,4.35459e-05,-4.31309e-05,4.27198e-05
13.19,4.31189e-05,-4.27079e-05,4.23008e-05
13.2,4.2696e-05,-4.2289e-05,4.1886e-05
13.21,4.22772e-05,-4.18743e-05,4.14752e-05
13.22,4.18626e-05,-4.14636e-05,4.10684e-05
13.23,4.1452e-05,-4.10569e-05,4.06656e-05
13.24,4.10455e-05,-4.06543e-05,4.02668e-05
13.25,4.06429e-05,-4.02555e-05,3.98719e-05
13.26,4.02443e-05,-3.98607e-05,3.94808e-05
13.27,3.98496e-05,-3.94698e-05,3.90936e-05
13.28,3.94588e-05,-3.90827e-05,3.87102e-05
13.29,3.90718e-05,-3.86994e-05,3.83305e-05
13.3,3.86886e-05,-3.83198e-05,3.79546e-05
13.31,3.83091e-05,-3.7944e-05,3.75824e-05
13.32,3.79334e-05,-3.75719e-05,3.72138e-05
13.33,3.75614e-05,-3.72034e-05,3.68488e-05
13.34,3.7193e-05,-3.68385e-05,3.64874e-05
13.35,3.68282e-05,-3.64772e-05,3.61296e-05
13.36,3.6467e-05,-3.61195e-05,3.57752e-05
13.37,3.61094e-05,-3.57652e-05,3.54243e-05
13.38,3.57552e-05,-3.54145e-05,3.50769e-05
13.39,3.54046e-05,-3.50671e-05,3.47329e-05
13.4,3.50573e-05,-3.47232e-05,3.43923e-05
13.41,3.47135e-05,-3.43827e-05,3.4055e-05
13.42,3.43731e-05,-3.40455e-05,3.3721e-05
13.43,3.40359e-05,-3.37116e-05,3.33902e-05
13.44,3.37021e-05,-3.33809e-05,3.30628e-05
13.45,3.33716e-05,-3.30535e-05,3.27385e-05
13.46,3.30443e-05,-3.27294e-05,3.24174e-05
13.47,3.27202e-05,-3.24084e-05,3.20995e-05
13.48,3.23993e-05,-3.20905e-05,3.17847e-05
13.49,3.20816e-05,-3.17758e-05,3.14729e-05
13.5,3.17669e-05,-3.14642e-05,3.11643e-05
13.51,3.14554e-05,-3.11556e-05,3.08586e-05
13.52,3.11469e-05,-3.085e-05,3.0556e-05
13.53,3.08414e-05,-3.05474e-05,3.02563e-05
13.54,3.05389e-05,-3.02478e-05,2.99596e-05
13.55,3.02394e-05,-2.99512e-05,2.96657e-05
13.56,2.99428e-05,-2.96574e-05,2.93748e-05
13.57,2.96492e-05,-2.93666e-05,2.90867e-05
13.58,2.93584e-05,-2.90786e-05,2.88014e-05
13.59,2.90704e-05,-2.87934e-05,2.85189e-05
13.6,2.87853e-05,-2.8511e-05,2.82392e-05
13.61,2.8503e-05,-2.82314e-05,2.79623e-05
13.62,2.82235e-05,-2.79545e-05,2.7688e-05
13.63,2.79467e-05,-2.76803e-05,2.74165e-05
13.64,2.76726e-05,-2.74088e-05,2.71476e-05
13.65,2.74012e-05,-2.714e-05,2.68813e-05
13.66,2.71324e-05,-2.68738e-05,2.66177e-05
13.67,2.68663e-05,-2.66103e-05,2.63567e-05
13.68,2.66028e-05,-2.63493e-05,2.60982e-05
13.69,2.63419e-05,-2.60909e-05,2.58422e-05
13.7,2.60836e-05,-2.5835e-05,2.55888e-05
13.71,2.58278e-05,-2.55816e-05,2.53378e-05
13.72,2.55745e-05,-2.53307e-05,2.50893e-05
13.73,2.53236e-05,-2.50823e-05,2.48432e-05
13.74,2.50753e-05,-2.48363e-05,2.45996e-05
13.75,2.48294e-05,-2.45927e-05,2.43583e-05
13.76,2.45858e-05,-2.43515e-05,2.41194e-05
13.77,2.43447e-05,-2.41127e-05,2.38829e-05
13.78,2.41059e-05,-2.38762e-05,2.36486e-05
13.79,2.38695e-05,-2.3642e-05,2.34167e-05
13.8,2.36354e-05,-2.34102e-05,2.3187e-05
13.81,2.34036e-05,-2.31806e-05,2.29596e-05
13.82,2.31741e-05,-2.29532e-05,2.27345e-05
13.83,2.29468e-05,-2.27281e-05,2.25115e-05
13.84,2.27218e-05,-2.25052e-05,2.22907e-05
13.85,2.24989e-05,-2.22845e-05,2.20721e-05
13.86,2.22783e-05,-2.20659e-05,2.18556e-05
13.87,2.20598e-05,-2.18495e-05,2.16413e-05
13.88,2.18434e-05,-2.16352e-05,2.1429e-05
13.89,2.16292e-05,-2.1423e-05,2.12188e-05
13.9,2.1417e-05,-2.12129e-05,2.10107e-05
13.91,2.1207e-05,-2.10049e-05,2.08047e-05
13.92,2.0999e-05,-2.07989e-05,2.06006e-05
13.93,2.07931e-05,-2.05949e-05,2.03986e-05
13.94,2.05891e-05,-2.03929e-05,2.01985e-05
13.95,2.03872e-05,-2.01929e-05,2.00004e-05
13.96,2.01873e-05,-1.99949e-05,1.98043e-05
13.97,1.99893e-05,-1.97987e-05,1.961e-05
13.98,1.97932e-05,-1.96046e-05,1.94177e-05
13.99,1.95991e-05,-1.94123e-05,1.92273e-05
14,1.94069e-05,-1.92219e-05,1.90387e-05
14.01,1.92165e-05,-1.90334e-05,1.8852e-05
14.02,1.90281e-05,-1.88467e-05,1.86671e-05
14.03,1.88415e-05,-1.86619e-05,1.8484e-05
14.04,1.86567e-05,-1.84789e-05,1.83027e-05
14.05,1.84737e-05,-1.82976e-05,1.81232e-05
14.06,1.82925e-05,-1.81182e-05,1.79455e-05
14.07,1.81131e-05,-1.79405e-05,1.77695e-05
14.08,1.79355e-05,-1.77645e-05,1.75952e-05
14.09,1.77596e-05,-1.75903e-05,1.74226e-05
14.1,1.75854e-05,-1.74178e-05,1.72518e-05
14.11,1.74129e-05,-1.7247e-05,1.70826e-05
14.12,1.72421e-05,-1.70778e-05,1.6915e-05
14.13,1.7073e-05,-1.69103e-05,1.67491e-05
14.14,1.69056e-05,-1.67445e-05,1.65849e-05
14.15,1.67398e-05,-1.65802e-05,1.64222e-05
14.16,1.65756e-05,-1.64176e-05,1.62612e-05
14.17,1.6413e-05,-1.62566e-05,1.61017e-05
14.18,1.62521e-05,-1.60972e-05,1.59438e-05
14.19,1.60927e-05,-1.59393e-05,1.57874e-05
14.2,1.59348e-05,-1.5783e-05,1.56325e-05
14.21,1.57786e-05,-1.56282e-05,1.54792e-05
14.22,1.56238e-05,-1.54749e-05,1.53274e-05
14.23,1.54706e-05,-1.53231e-05,1.51771e-05
14.24,1.53189e-05,-1.51729e-05,1.50282e-05
14.25,1.51686e-05,-1.5024e-05,1.48809e-05
14.26,1.50198e-05,-1.48767e-05,1.47349e-05
14.27,1.48725e-05,-1.47308e-05,1.45904e-05
14.28,1.47267e-05,-1.45863e-05,1.44473e-05
14.29,1.45822e-05,-1.44433e-05,1.43056e-05
14.3,1.44392e-05,-1.43016e-05,1.41653e-05
14.31,1.42976e-05,-1.41613e-05,1.40264e-05
14.32,1.41574e-05,-1.40225e-05,1.38888e-05
14.33,1.40185e-05,-1.38849e-05,1.37526e-05
14.34,1.38811e-05,-1.37488e-05,1.36177e-05
14.35,1.37449e-05,-1.36139e-05,1.34842e-05
14.36,1.36101e-05,-1.34804e-05,1.33519e-05
14.37,1.34766e-05,-1.33482e-05,1.3221e-05
14.38,1.33445e-05,-1.32173e-05,1.30913e-05
14.39,1.32136e-05,-1.30876e-05,1.29629e-05
14.4,1.3084e-05,-1.29593e-05,1.28358e-05
14.41,1.29557e-05,-1.28322e-05,1.27099e-05
14.42,1.28286e-05,-1.27063e-05,1.25852e-05
14.43,1.27028e-05,-1.25817e-05,1.24618e-05
14.44,1.25782e-05,-1.24583e-05,1.23396e-05
14.45,1.24548e-05,-1.23361e-05,1.22186e-05
14.46,1.23327e-05,-1.22151e-05,1.20987e-05
14.47,1.22117e-05,-1.20953e-05,1.19801e-05
14.48,1.2092e-05,-1.19767e-05,1.18626e-05
14.49,1.19734e-05,-1.18593e-05,1.17462e-05
14.5,1.18559e-05,-1.17429e-05,1.1631e-05
14.51,1.17397e-05,-1.16278e-05,1.1517e-05
14.52,1.16245e-05,-1.15137e-05,1.1404e-05
14.53,1.15105e-05,-1.14008e-05,1.12922e-05
14.54,1.13976e-05,-1.1289e-05,1.11814e-05
14.55,1.12858e-05,-1.11783e-05,1.10717e-05
14.56,1.11752e-05,-1.10687e-05,1.09632e-05
14.57,1.10656e-05,-1.09601e-05,1.08556e-05
14.58,1.0957e-05,-1.08526e-05,1.07492e-05
14.59,1.08496e-05,-1.07462e-05,1.06437e-05
14.6,1.07432e-05,-1.06408e-05,1.05394e-05
14.61,1.06378e-05,-1.05364e-05,1.0436e-05
14.62,1.05335e-05,-1.04331e-05,1.03336e-05
14.63,1.04302e-05,-1.03308e-05,1.02323e-05
14.64,1.03279e-05,-1.02294e-05,1.01319e-05
14.65,1.02266e-05,-1.01291e-05,1.00326e-05
14.66,1.01263e-05,-1.00298e-05,9.93418e-06
14.67,1.0027e-05,-9.9314e-06,9.83675e-06
14.68,9.92863e-06,-9.834e-06,9.74027e-06
14.69,9.83125e-06,-9.73755e-06,9.64474e-06
14.7,9.73483e-06,-9.64205e-06,9.55015e-06
14.71,9.63935e-06,-9.54748e-06,9.45649e-06
14.72,9.54482e-06,-9.45385e-06,9.36374e-06
14.73,9.4512e-06,-9.36113e-06,9.27191e-06
14.74,9.35851e-06,-9.26932e-06,9.18097e-06
14.75,9.26673e-06,-9.17841e-06,9.09093e-06
14.76,9.17584e-06,-9.08839e-06,9.00177e-06
14.77,9.08585e-06,-8.99926e-06,8.91349e-06
14.78,8.99674e-06,-8.911e-06,8.82607e-06
14.79,8.9085e-06,-8.8236e-06,8.7395e-06
14.8,8.82113e-06,-8.73706e-06,8.65379e-06
14.81,8.73462e-06,-8.65137e-06,8.56892e-06
14.82,8.64896e-06,-8.56652e-06,8.48488e-06
14.83,8.56413e-06,-8.48251e-06,8.40166e-06
14.84,8.48014e-06,-8.39932e-06,8.31926e-06
14.85,8.39697e-06,-8.31694e-06,8.23767e-06
14.86,8.31461e-06,-8.23537e-06,8.15688e-06
14.87,8.23307e-06,-8.1546e-06,8.07688e-06
14.88,8.15232e-06,-8.07462e-06,7.99767e-06
14.89,8.07237e-06,-7.99543e-06,7.91923e-06
14.9,7.9932e-06,-7.91702e-06,7.84156e-06
14.91,7.9148e-06,-7.83937e-06,7.76465e-06
14.92,7.83718e-06,-7.76248e-06,7.6885e-06
14.93,7.76032e-06,-7.68635e-06,7.6131e-06
14.94,7.68421e-06,-7.61097e-06,7.53843e-06
14.95,7.60884e-06,-7.53632e-06,7.4645e-06
14.96,7.53422e-06,-7.46241e-06,7.39129e-06
14.97,7.46033e-06,-7.38922e-06,7.3188e-06
14.98,7.38716e-06,-7.31675e-06,7.24702e-06
14.99,7.31471e-06,-7.24499e-06,7.17594e-06
15,7.24297e-06,-7.17394e-06,7.10557e-06
15.01,7.17193e-06,-7.10358e-06,7.03588e-06
15.02,7.10159e-06,-7.03391e-06,6.96687e-06
15.03,7.03194e-06,-6.96493e-06,6.89854e-06
15.04,6.96298e-06,-6.89662e-06,6.83089e-06
15.05,6.89469e-06,-6.82898e-06,6.76389e-06
15.06,6.82707e-06,-6.762e-06,6.69755e-06
15.07,6.76011e-06,-6.69568e-06,6.63187e-06
15.08,6.69381e-06,-6.63002e-06,6.56683e-06
15.09,6.62816e-06,-6.56499e-06,6.50242e-06
15.1,6.56316e-06,-6.5006e-06,6.43865e-06
15.11,6.49879e-06,-6.43685e-06,6.3755e-06
15.12,6.43505e-06,-6.37372e-06,6.31297e-06
15.13,6.37194e-06,-6.31121e-06,6.25106e-06
15.14,6.30945e-06,-6.24931e-06,6.18975e-06
15.15,6.24756e-06,-6.18802e-06,6.12904e-06
15.16,6.18629e-06,-6.12733e-06,6.06893e-06
15.17,6.12562e-06,-6.06724e-06,6.00941e-06
15.18,6.06554e-06,-6.00773e-06,5.95047e-06
15.19,6.00605e-06,-5.94881e-06,5.89212e-06
15.2,5.94715e-06,-5.89047e-06,5.83433e-06
15.21,5.88882e-06,-5.8327e-06,5.77711e-06
15.22,5.83107e-06,-5.77549e-06,5.72045e-06
15.23,5.77388e-06,-5.71885e-06,5.66434e-06
15.24,5.71725e-06,-5.66276e-06,5.60879e-06
15.25,5.66118e-06,-5.60722e-06,5.55378e-06
15.26,5.60566e-06,-5.55223e-06,5.49931e-06
15.27,5.55068e-06,-5.49778e-06,5.44538e-06
15.28,5.49624e-06,-5.44386e-06,5.39197e-06
15.29,5.44234e-06,-5.39047e-06,5.33909e-06
15.3,5.38896e-06,-5.3376e-06,5.28673e-06
15.31,5.33611e-06,-5.28525e-06,5.23488e-06
15.32,5.28377e-06,-5.23341e-06,5.18354e-06
15.33,5.23195e-06,-5.18209e-06,5.1327e-06
15.34,5.18064e-06,-5.13126e-06,5.08236e-06
15.35,5.12983e-06,-5.08094e-06,5.03251e-06
15.36,5.07952e-06,-5.03111e-06,4.98316e-06
15.37,5.0297e-06,-4.98176e-06,4.93428e-06
15.38,4.98037e-06,-4.93291e-06,4.88589e-06
15.39,4.93153e-06,-4.88453e-06,4.83797e-06
15.4,4.88316e-06,-4.83662e-06,4.79052e-06
15.41,4.83527e-06,-4.78919e-06,4.74354e-06
15.42,4.78785e-06,-4.74222e-06,4.69702e-06
15.43,4.74089e-06,-4.69571e-06,4.65095e-06
15.44,4.69439e-06,-4.64965e-06,4.60534e-06
15.45,4.64835e-06,-4.60405e-06,4.56017e-06
15.46,4.60276e-06,-4.5589e-06,4.51545e-06
15.47,4.55762e-06,-4.51418e-06,4.47116e-06
15.48,4.51292e-06,-4.46991e-06,4.42731e-06
15.49,4.46866e-06,-4.42607e-06,4.38389e-06
15.5,4.42484e-06,-4.38266e-06,4.34089e-06
15.51,4.38144e-06,-4.33968e-06,4.29832e-06
15.52,4.33847e-06,-4.29712e-06,4.25616e-06
15.53,4.29592e-06,-4.25497e-06,4.21442e-06
15.54,4.25379e-06,-4.21324e-06,4.17309e-06
15.55,4.21207e-06,-4.17192e-06,4.13216e-06
15.56,4.17076e-06,-4.13101e-06,4.09163e-06
15.57,4.12985e-06,-4.09049e-06,4.05151e-06
15.58,4.08935e-06,-4.05037e-06,4.01177e-06
15.59,4.04924e-06,-4.01065e-06,3.97242e-06
15.6,4.00953e-06,-3.97131e-06,3.93346e-06
15.61,3.9702e-06,-3.93237e-06,3.89489e-06
15.62,3.93127e-06,-3.8938e-06,3.85669e-06
15.63,3.89271e-06,-3.85561e-06,3.81886e-06
15.64,3.85453e-06,-3.8178e-06,3.78141e-06
15.65,3.81673e-06,-3.78035e-06,3.74432e-06
15.66,3.7793e-06,-3.74328e-06,3.7076e-06
15.67,3.74223e-06,-3.70656e-06,3.67124e-06
15.68,3.70553e-06,-3.67021e-06,3.63523e-06
15.69,3.66919e-06,-3.63422e-06,3.59958e-06
15.7,3.6332e-06,-3.59857e-06,3.56428e-06
15.71,3.59757e-06,-3.56328e-06,3.52932e-06
15.72,3.56228e-06,-3.52833e-06,3.49471e-06
15.73,3.52735e-06,-3.49373e-06,3.46043e-06
15.74,3.49275e-06,-3.45946e-06,3.42649e-06
15.75,3.4585e-06,-3.42553e-06,3.39289e-06
15.76,3.42458e-06,-3.39194e-06,3.35961e-06
15.77,3.39099e-06,-3.35867e-06,3.32666e-06
15.78,3.35773e-06,-3.32573e-06,3.29404e-06
15.79,3.3248e-06,-3.29311e-06,3.26173e-06
15.8,3.29219e-06,-3.26082e-06,3.22974e-06
15.81,3.25991e-06,-3.22884e-06,3.19806e-06
15.82,3.22793e-06,-3.19717e-06,3.1667e-06
15.83,3.19628e-06,-3.16581e-06,3.13564e-06
15.84,3.16493e-06,-3.13476e-06,3.10489e-06
15.85,3.13389e-06,-3.10402e-06,3.07444e-06
15.86,3.10315e-06,-3.07358e-06,3.04428e-06
15.87,3.07272e-06,-3.04343e-06,3.01443e-06
15.88,3.04258e-06,-3.01358e-06,2.98486e-06
15.89,3.01274e-06,-2.98403e-06,2.95559e-06
15.9,2.98319e-06,-2.95476e-06,2.9266e-06
15.91,2.95394e-06,-2.92578e-06,2.8979e-06
15.92,2.92497e-06,-2.89709e-06,2.86948e-06
15.93,2.89628e-06,-2.86867e-06,2.84133e-06
15.94,2.86787e-06,-2.84054e-06,2.81347e-06
15.95,2.83975e-06,-2.81268e-06,2.78587e-06
15.96,2.8119e-06,-2.7851e-06,2.75855e-06
15.97,2.78432e-06,-2.75778e-06,2.7315e-06
15.98,2.75701e-06,-2.73073e-06,2.70471e-06
15.99,2.72997e-06,-2.70395e-06,2.67818e-06
16,2.7032e-06,-2.67743e-06,2.65192e-06
16.01,2.67668e-06,-2.65117e-06,2.62591e-06
16.02,2.65043e-06,-2.62517e-06,2.60015e-06
16.03,2.62444e-06,-2.59943e-06,2.57465e-06
16.04,2.5987e-06,-2.57393e-06,2.5494e-06
16.05,2.57321e-06,-2.54869e-06,2.5244e-06
16.06,2.54798e-06,-2.52369e-06,2.49964e-06
16.07,2.52299e-06,-2.49894e-06,2.47512e-06
16.08,2.49824e-06,-2.47443e-06,2.45085e-06
16.09,2.47374e-06,-2.45016e-06,2.42681e-06
16.1,2.44948e-06,-2.42613e-06,2.40301e-06
16.11,2.42546e-06,-2.40234e-06,2.37944e-06
16.12,2.40167e-06,-2.37878e-06,2.35611e-06
16.13,2.37811e-06,-2.35545e-06,2.333e-06
16.14,2.35479e-06,-2.33235e-06,2.31012e-06
16.15,2.33169e-06,-2.30947e-06,2.28746e-06
16.16,2.30883e-06,-2.28682e-06,2.26503e-06
16.17,2.28618e-06,-2.26439e-06,2.24281e-06
16.18,2.26376e-06,-2.24219e-06,2.22082e-06
16.19,2.24156e-06,-2.2202e-06,2.19904e-06
16.2,2.21957e-06,-2.19842e-06,2.17747e-06
16.21,2.19781e-06,-2.17686e-06,2.15611e-06
16.22,2.17625e-06,-2.15551e-06,2.13497e-06
16.23,2.15491e-06,-2.13437e-06,2.11403e-06
16.24,2.13377e-06,-2.11344e-06,2.09329e-06
16.25,2.11285e-06,-2.09271e-06,2.07276e-06
16.26,2.09212e-06,-2.07218e-06,2.05244e-06
16.27,2.07161e-06,-2.05186e-06,2.03231e-06
16.28,2.05129e-06,-2.03174e-06,2.01237e-06
16.29,2.03117e-06,-2.01181e-06,1.99264e-06
16.3,2.01125e-06,-1.99208e-06,1.97309e-06
16.31,1.99152e-06,-1.97254e-06,1.95374e-06
16.32,1.97199e-06,-1.9532e-06,1.93458e-06
16.33,1.95265e-06,-1.93404e-06,1.91561e-06
16.34,1.9335e-06,-1.91507e-06,1.89682e-06
16.35,1.91454e-06,-1.89629e-06,1.87822e-06
16.36,1.89576e-06,-1.87769e-06,1.8598e-06
16.37,1.87717e-06,-1.85928e-06,1.84156e-06
16.38,1.85876e-06,-1.84104e-06,1.8235e-06
16.39,1.84053e-06,-1.82299e-06,1.80561e-06
16.4,1.82248e-06,-1.80511e-06,1.7879e-06
16.41,1.8046e-06,-1.7874e-06,1.77037e-06
16.42,1.7869e-06,-1.76987e-06,1.75301e-06
16.43,1.76938e-06,-1.75252e-06,1.73581e-06
16.44,1.75203e-06,-1.73533e-06,1.71879e-06
16.45,1.73484e-06,-1.71831e-06,1.70193e-06
16.46,1.71783e-06,-1.70146e-06,1.68524e-06
16.47,1.70098e-06,-1.68477e-06,1.66871e-06
16.48,1.6843e-06,-1.66825e-06,1.65235e-06
16.49,1.66778e-06,-1.65188e-06,1.63614e-06
16.5,1.65142e-06,-1.63568e-06,1.62009e-06
16.51,1.63523e-06,-1.61964e-06,1.6042e-06
16.52,1.61919e-06,-1.60376e-06,1.58847e-06
16.53,1.60331e-06,-1.58803e-06,1.57289e-06
16.54,1.58758e-06,-1.57245e-06,1.55747e-06
16.55,1.57201e-06,-1.55703e-06,1.54219e-06
16.56,1.5566e-06,-1.54176e-06,1.52707e-06
16.57,1.54133e-06,-1.52664e-06,1.51209e-06
16.58,1.52621e-06,-1.51167e-06,1.49726e-06
16.59,1.51124e-06,-1.49684e-06,1.48257e-06
16.6,1.49642e-06,-1.48216e-06,1.46803e-06
16.61,1.48175e-06,-1.46762e-06,1.45364e-06
16.62,1.46721e-06,-1.45323e-06,1.43938e-06
16.63,1.45282e-06,-1.43898e-06,1.42526e-06
16.64,1.43858e-06,-1.42486e-06,1.41128e-06
16.65,1.42447e-06,-1.41089e-06,1.39744e-06
16.66,1.4105e-06,-1.39705e-06,1.38374e-06
16.67,1.39666e-06,-1.38335e-06,1.37017e-06
16.68,1.38296e-06,-1.36978e-06,1.35673e-06
16.69,1.3694e-06,-1.35635e-06,1.34342e-06
16.7,1.35597e-06,-1.34305e-06,1.33025e-06
16.71,1.34267e-06,-1.32988e-06,1.3172e-06
16.72,1.3295e-06,-1.31683e-06,1.30428e-06
16.73,1.31646e-06,-1.30392e-06,1.29149e-06
16.74,1.30355e-06,-1.29113e-06,1.27882e-06
16.75,1.29077e-06,-1.27847e-06,1.26628e-06
16.76,1.27811e-06,-1.26593e-06,1.25386e-06
16.77,1.26557e-06,-1.25351e-06,1.24157e-06
16.78,1.25316e-06,-1.24122e-06,1.22939e-06
16.79,1.24087e-06,-1.22904e-06,1.21733e-06
16.8,1.2287e-06,-1.21699e-06,1.20539e-06
16.81,1.21665e-06,-1.20506e-06,1.19357e-06
16.82,1.20472e-06,-1.19324e-06,1.18186e-06
16.83,1.1929e-06,-1.18153e-06,1.17027e-06
16.84,1.1812e-06,-1.16995e-06,1.1588e-06
16.85,1.16962e-06,-1.15847e-06,1.14743e-06
16.86,1.15815e-06,-1.14711e-06,1.13618e-06
16.87,1.14679e-06,-1.13586e-06,1.12503e-06
16.88,1.13554e-06,-1.12472e-06,1.114e-06
16.89,1.12441e-06,-1.11369e-06,1.10307e-06
16.9,1.11338e-06,-1.10277e-06,1.09226e-06
16.91,1.10246e-06,-1.09195e-06,1.08154e-06
16.92,1.09165e-06,-1.08124e-06,1.07094e-06
16.93,1.08094e-06,-1.07064e-06,1.06043e-06
16.94,1.07034e-06,-1.06014e-06,1.05003e-06
16.95,1.05984e-06,-1.04974e-06,1.03973e-06
16.96,1.04945e-06,-1.03944e-06,1.02954e-06
16.97,1.03915e-06,-1.02925e-06,1.01944e-06
16.98,1.02896e-06,-1.01916e-06,1.00944e-06
16.99,1.01887e-06,-1.00916e-06,9.99542e-07
17,1.00888e-06,-9.99262e-07,9.89739e-07
17.01,9.98983e-07,-9.89462e-07,9.80032e-07
17.02,9.89186e-07,-9.79758e-07,9.7042e-07
17.03,9.79484e-07,-9.70149e-07,9.60903e-07
17.04,9.69878e-07,-9.60634e-07,9.51479e-07
17.05,9.60366e-07,-9.51213e-07,9.42147e-07
17.06,9.50947e-07,-9.41884e-07,9.32907e-07
17.07,9.4162e-07,-9.32646e-07,9.23757e-07
17.08,9.32385e-07,-9.23499e-07,9.14697e-07
17.09,9.23241e-07,-9.14442e-07,9.05727e-07
17.1,9.14186e-07,-9.05473e-07,8.96844e-07
17.11,9.0522e-07,-8.96593e-07,8.88048e-07
17.12,8.96342e-07,-8.87799e-07,8.79338e-07
17.13,8.87551e-07,-8.79092e-07,8.70714e-07
17.14,8.78847e-07,-8.70471e-07,8.62174e-07
17.15,8.70227e-07,-8.61933e-07,8.53719e-07
17.16,8.61692e-07,-8.5348e-07,8.45346e-07
17.17,8.53241e-07,-8.45109e-07,8.37055e-07
17.18,8.44873e-07,-8.36821e-07,8.28845e-07
17.19,8.36587e-07,-8.28614e-07,8.20717e-07
17.2,8.28382e-07,-8.20487e-07,8.12667e-07
17.21,8.20258e-07,-8.1244e-07,8.04697e-07
17.22,8.12213e-07,-8.04472e-07,7.96805e-07
17.23,8.04247e-07,-7.96582e-07,7.8899e-07
17.24,7.9636e-07,-7.8877e-07,7.81252e-07
17.25,7.88549e-07,-7.81034e-07,7.7359e-07
17.26,7.80815e-07,-7.73374e-07,7.66003e-07
17.27,7.73158e-07,-7.65789e-07,7.5849e-07
17.28,7.65575e-07,-7.58278e-07,7.51051e-07
17.29,7.58066e-07,-7.50841e-07,7.43685e-07
17.3,7.50632e-07,-7.43478e-07,7.36392e-07
17.31,7.4327e-07,-7.36186e-07,7.2917e-07
17.32,7.3598e-07,-7.28966e-07,7.22018e-07
17.33,7.28762e-07,-7.21816e-07,7.14937e-07
17.34,7.21615e-07,-7.14737e-07,7.07925e-07
17.35,7.14537e-07,-7.07727e-07,7.00982e-07
17.36,7.07529e-07,-7.00786e-07,6.94107e-07
17.37,7.0059e-07,-6.93913e-07,6.873e-07
17.38,6.93719e-07,-6.87108e-07,6.80559e-07
17.39,6.86915e-07,-6.80369e-07,6.73884e-07
17.4,6.80179e-07,-6.73696e-07,6.67275e-07
17.41,6.73508e-07,-6.67089e-07,6.60731e-07
17.42,6.66902e-07,-6.60546e-07,6.54251e-07
17.43,6.60362e-07,-6.54068e-07,6.47834e-07
17.44,6.53885e-07,-6.47653e-07,6.4148e-07
17.45,6.47472e-07,-6.41301e-07,6.35189e-07
17.46,6.41122e-07,-6.35012e-07,6.28959e-07
17.47,6.34834e-07,-6.28784e-07,6.22791e-07
17.48,6.28608e-07,-6.22617e-07,6.16683e-07
17.49,6.22443e-07,-6.1651e-07,6.10635e-07
17.5,6.16338e-07,-6.10464e-07,6.04646e-07
17.51,6.10293e-07,-6.04477e-07,5.98716e-07
17.52,6.04308e-07,-5.98548e-07,5.92844e-07
17.53,5.98381e-07,-5.92678e-07,5.87029e-07
17.54,5.92512e-07,-5.86865e-07,5.81272e-07
17.55,5.86701e-07,-5.8111e-07,5.75571e-07
17.56,5.80947e-07,-5.7541e-07,5.69926e-07
17.57,5.7525e-07,-5.69767e-07,5.64337e-07
17.58,5.69608e-07,-5.64179e-07,5.58802e-07
17.59,5.64021e-07,-5.58646e-07,5.53322e-07
17.6,5.5849e-07,-5.53167e-07,5.47895e-07
17.61,5.53012e-07,-5.47742e-07,5.42521e-07
17.62,5.47589e-07,-5.4237e-07,5.372e-07
17.63,5.42218e-07,-5.3705e-07,5.31932e-07
17.64,5.369e-07,-5.31783e-07,5.26715e-07
17.65,5.31635e-07,-5.26568e-07,5.21549e-07
17.66,5.2642e-07,-5.21403e-07,5.16434e-07
17.67,5.21258e-07,-5.1629e-07,5.11369e-07
17.68,5.16145e-07,-5.11226e-07,5.06354e-07
17.69,5.11083e-07,-5.06212e-07,5.01388e-07
17.7,5.06071e-07,-5.01248e-07,4.9647e-07
17.71,5.01107e-07,-4.96332e-07,4.91601e-07
17.72,4.96193e-07,-4.91464e-07,4.8678e-07
17.73,4.91326e-07,-4.86644e-07,4.82006e-07
17.74,4.86508e-07,-4.81871e-07,4.77278e-07
17.75,4.81736e-07,-4.77145e-07,4.72597e-07
17.76,4.77012e-07,-4.72465e-07,4.67962e-07
17.77,4.72333e-07,-4.67832e-07,4.63373e-07
17.78,4.67701e-07,-4.63243e-07,4.58828e-07
17.79,4.63114e-07,-4.587e-07,4.54328e-07
17.8,4.58572e-07,-4.54201e-07,4.49872e-07
17.81,4.54074e-07,-4.49747e-07,4.4546e-07
17.82,4.49621e-07,-4.45336e-07,4.41091e-07
17.83,4.45211e-07,-4.40968e-07,4.36765e-07
17.84,4.40845e-07,-4.36643e-07,4.32482e-07
17.85,4.36521e-07,-4.32361e-07,4.2824e-07
17.86,4.3224e-07,-4.2812e-07,4.2404e-07
17.87,4.28001e-07,-4.23922e-07,4.19881e-07
17.88,4.23803e-07,-4.19764e-07,4.15763e-07
17.89,4.19647e-07,-4.15647e-07,4.11686e-07
17.9,4.15531e-07,-4.11571e-07,4.07648e-07
17.91,4.11456e-07,-4.07534e-07,4.0365e-07
17.92,4.0742e-07,-4.03537e-07,3.99691e-07
17.93,4.03424e-07,-3.9958e-07,3.95771e-07
17.94,3.99468e-07,-3.95661e-07,3.9189e-07
17.95,3.9555e-07,-3.9178e-07,3.88046e-07
17.96,3.91671e-07,-3.87938e-07,3.8424e-07
17.97,3.87829e-07,-3.84133e-07,3.80472e-07
17.98,3.84026e-07,-3.80366e-07,3.76741e-07
17.99,3.80259e-07,-3.76635e-07,3.73046e-07
18,3.7653e-07,-3.72941e-07,3.69387e-07
18.01,3.72837e-07,-3.69284e-07,3.65764e-07
18.02,3.6918e-07,-3.65662e-07,3.62177e-07
18.03,3.6556e-07,-3.62076e-07,3.58625e-07
18.04,3.61974e-07,-3.58525e-07,3.55108e-07
18.05,3.58424e-07,-3.55008e-07,3.51625e-07
18.06,3.54909e-07,-3.51527e-07,3.48176e-07
18.07,3.51428e-07,-3.48079e-07,3.44762e-07
18.08,3.47982e-07,-3.44665e-07,3.4138e-07
18.09,3.44569e-07,-3.41285e-07,3.38032e-07
18.1,3.41189e-07,-3.37938e-07,3.34717e-07
18.11,3.37843e-07,-3.34623e-07,3.31434e-07
18.12,3.3453e-07,-3.31342e-07,3.28184e-07
18.13,3.31249e-07,-3.28092e-07,3.24965e-07
18.14,3.28e-07,-3.24874e-07,3.21778e-07
18.15,3.24783e-07,-3.21688e-07,3.18622e-07
18.16,3.21598e-07,-3.18533e-07,3.15497e-07
18.17,3.18444e-07,-3.15409e-07,3.12403e-07
18.18,3.15321e-07,-3.12315e-07,3.09339e-07
18.19,3.12228e-07,-3.09252e-07,3.06305e-07
18.2,3.09166e-07,-3.06219e-07,3.03301e-07
18.21,3.06134e-07,-3.03216e-07,3.00326e-07
18.22,3.03131e-07,-3.00242e-07,2.97381e-07
18.23,3.00158e-07,-2.97298e-07,2.94464e-07
18.24,2.97215e-07,-2.94382e-07,2.91576e-07
18.25,2.943e-07,-2.91495e-07,2.88717e-07
18.26,2.91413e-07,-2.88636e-07,2.85885e-07
18.27,2.88555e-07,-2.85805e-07,2.83081e-07
18.28,2.85725e-07,-2.83002e-07,2.80305e-07
18.29,2.82923e-07,-2.80226e-07,2.77556e-07
18.3,2.80148e-07,-2.77478e-07,2.74834e-07
18.31,2.77401e-07,-2.74757e-07,2.72138e-07
18.32,2.7468e-07,-2.72062e-07,2.69469e-07
18.33,2.71986e-07,-2.69394e-07,2.66826e-07
18.34,2.69319e-07,-2.66752e-07,2.64209e-07
18.35,2.66677e-07,-2.64136e-07,2.61618e-07
18.36,2.64062e-07,-2.61545e-07,2.59052e-07
18.37,2.61472e-07,-2.5898e-07,2.56512e-07
18.38,2.58908e-07,-2.5644e-07,2.53996e-07
18.39,2.56368e-07,-2.53925e-07,2.51505e-07
18.4,2.53854e-07,-2.51435e-07,2.49038e-07
18.41,2.51364e-07,-2.48969e-07,2.46596e-07
18.42,2.48899e-07,-2.46527e-07,2.44177e-07
18.43,2.46458e-07,-2.44109e-07,2.41782e-07
18.44,2.44041e-07,-2.41715e-07,2.39411e-07
18.45,2.41647e-07,-2.39344e-07,2.37063e-07
18.46,2.39277e-07,-2.36997e-07,2.34738e-07
18.47,2.36931e-07,-2.34672e-07,2.32436e-07
18.48,2.34607e-07,-2.32371e-07,2.30156e-07
18.49,2.32306e-07,-2.30092e-07,2.27899e-07
18.5,2.30028e-07,-2.27835e-07,2.25664e-07
18.51,2.27772e-07,-2.25601e-07,2.23451e-07
18.52,2.25538e-07,-2.23388e-07,2.21259e-07
18.53,2.23326e-07,-2.21197e-07,2.19089e-07
18.54,2.21135e-07,-2.19028e-07,2.1694e-07
18.55,2.18967e-07,-2.1688e-07,2.14813e-07
18.56,2.16819e-07,-2.14753e-07,2.12706e-07
18.57,2.14693e-07,-2.12647e-07,2.1062e-07
18.58,2.12587e-07,-2.10561e-07,2.08554e-07
18.59,2.10502e-07,-2.08496e-07,2.06509e-07
18.6,2.08438e-07,-2.06451e-07,2.04483e-07
18.61,2.06393e-07,-2.04426e-07,2.02478e-07
18.62,2.04369e-07,-2.02421e-07,2.00492e-07
18.63,2.02365e-07,-2.00436e-07,1.98526e-07
18.64,2.0038e-07,-1.9847e-07,1.96579e-07
18.65,1.98415e-07,-1.96524e-07,1.94651e-07
18.66,1.96469e-07,-1.94596e-07,1.92742e-07
18.67,1.94542e-07,-1.92688e-07,1.90851e-07
18.68,1.92634e-07,-1.90798e-07,1.8898e-07
18.69,1.90745e-07,-1.88927e-07,1.87126e-07
18.7,1.88874e-07,-1.87074e-07,1.85291e-07
18.71,1.87022e-07,-1.85239e-07,1.83474e-07
18.72,1.85187e-07,-1.83422e-07,1.81674e-07
18.73,1.83371e-07,-1.81623e-07,1.79892e-07
18.74,1.81573e-07,-1.79842e-07,1.78128e-07
18.75,1.79792e-07,-1.78078e-07,1.76381e-07
18.76,1.78029e-07,-1.76332e-07,1.74651e-07
18.77,1.76283e-07,-1.74602e-07,1.72938e-07
18.78,1.74554e-07,-1.7289e-07,1.71242e-07
18.79,1.72842e-07,-1.71194e-07,1.69563e-07
18.8,1.71147e-07,-1.69515e-07,1.679e-07
18.81,1.69468e-07,-1.67853e-07,1.66253e-07
18.82,1.67806e-07,-1.66207e-07,1.64623e-07
18.83,1.6616e-07,-1.64577e-07,1.63008e-07
18.84,1.64531e-07,-1.62963e-07,1.61409e-07
18.85,1.62917e-07,-1.61364e-07,1.59826e-07
18.86,1.61319e-07,-1.59782e-07,1.58259e-07
18.87,1.59737e-07,-1.58215e-07,1.56707e-07
18.88,1.5817e-07,-1.56663e-07,1.5517e-07
18.89,1.56619e-07,-1.55126e-07,1.53648e-07
18.9,1.55083e-07,-1.53605e-07,1.52141e-07
18.91,1.53562e-07,-1.52099e-07,1.50649e-07
18.92,1.52056e-07,-1.50607e-07,1.49171e-07
18.93,1.50565e-07,-1.4913e-07,1.47708e-07
18.94,1.49088e-07,-1.47667e-07,1.4626e-07
18.95,1.47626e-07,-1.46219e-07,1.44825e-07
18.96,1.46178e-07,-1.44785e-07,1.43405e-07
18.97,1.44744e-07,-1.43365e-07,1.41998e-07
18.98,1.43325e-07,-1.41959e-07,1.40606e-07
18.99,1.41919e-07,-1.40567e-07,1.39227e-07
19,1.40527e-07,-1.39188e-07,1.37861e-07
19.01,1.39149e-07,-1.37823e-07,1.36509e-07
19.02,1.37784e-07,-1.36471e-07,1.3517e-07
19.03,1.36433e-07,-1.35133e-07,1.33845e-07
19.04,1.35095e-07,-1.33807e-07,1.32532e-07
19.05,1.3377e-07,-1.32495e-07,1.31232e-07
19.06,1.32458e-07,-1.31196e-07,1.29945e-07
19.07,1.31159e-07,-1.29909e-07,1.28671e-07
19.08,1.29873e-07,-1.28635e-07,1.27409e-07
19.09,1.28599e-07,-1.27373e-07,1.26159e-07
19.1,1.27338e-07,-1.26124e-07,1.24922e-07
19.11,1.26089e-07,-1.24887e-07,1.23697e-07
19.12,1.24852e-07,-1.23662e-07,1.22484e-07
19.13,1.23628e-07,-1.22449e-07,1.21282e-07
19.14,1.22415e-07,-1.21248e-07,1.20093e-07
19.15,1.21215e-07,-1.20059e-07,1.18915e-07
19.16,1.20026e-07,-1.18882e-07,1.17749e-07
19.17,1.18849e-07,-1.17716e-07,1.16594e-07
19.18,1.17683e-07,-1.16561e-07,1.1545e-07
19.19,1.16529e-07,-1.15418e-07,1.14318e-07
19.2,1.15386e-07,-1.14286e-07,1.13197e-07
19.21,1.14254e-07,-1.13165e-07,1.12087e-07
19.22,1.13134e-07,-1.12055e-07,1.10987e-07
19.23,1.12024e-07,-1.10956e-07,1.09899e-07
19.24,1.10925e-07,-1.09868e-07,1.08821e-07
19.25,1.09838e-07,-1.08791e-07,1.07754e-07
19.26,1.0876e-07,-1.07724e-07,1.06697e-07
19.27,1.07694e-07,-1.06667e-07,1.05651e-07
19.28,1.06637e-07,-1.05621e-07,1.04614e-07
19.29,1.05592e-07,-1.04585e-07,1.03588e-07
19.3,1.04556e-07,-1.03559e-07,1.02572e-07
19.31,1.03531e-07,-1.02544e-07,1.01566e-07
19.32,1.02515e-07,-1.01538e-07,1.0057e-07
19.33,1.0151e-07,-1.00542e-07,9.9584e-08
19.34,1.00514e-07,-9.95562e-08,9.86073e-08
19.35,9.95283e-08,-9.85798e-08,9.76402e-08
19.36,9.85522e-08,-9.76129e-08,9.66826e-08
19.37,9.75857e-08,-9.66556e-08,9.57344e-08
19.38,9.66286e-08,-9.57076e-08,9.47955e-08
19.39,9.56809e-08,-9.4769e-08,9.38658e-08
19.4,9.47425e-08,-9.38395e-08,9.29452e-08
19.41,9.38133e-08,-9.29192e-08,9.20336e-08
19.42,9.28932e-08,-9.20079e-08,9.1131e-08
19.43,9.19822e-08,-9.11055e-08,9.02372e-08
19.44,9.108e-08,-9.0212e-08,8.93522e-08
19.45,9.01868e-08,-8.93272e-08,8.84759e-08
19.46,8.93023e-08,-8.84512e-08,8.76082e-08
19.47,8.84264e-08,-8.75837e-08,8.67489e-08
19.48,8.75592e-08,-8.67247e-08,8.58981e-08
19.49,8.67004e-08,-8.58741e-08,8.50557e-08
19.5,8.58501e-08,-8.50319e-08,8.42215e-08
19.51,8.50081e-08,-8.4198e-08,8.33955e-08
19.52,8.41744e-08,-8.33722e-08,8.25776e-08
19.53,8.33489e-08,-8.25545e-08,8.17677e-08
19.54,8.25314e-08,-8.17448e-08,8.09658e-08
19.55,8.1722e-08,-8.09431e-08,8.01717e-08
19.56,8.09205e-08,-8.01493e-08,7.93854e-08
19.57,8.01269e-08,-7.93632e-08,7.86068e-08
19.58,7.9341e-08,-7.85848e-08,7.78359e-08
19.59,7.85629e-08,-7.78141e-08,7.70725e-08
19.6,7.77924e-08,-7.7051e-08,7.63166e-08
19.61,7.70294e-08,-7.62953e-08,7.55681e-08
19.62,7.62739e-08,-7.5547e-08,7.4827e-08
19.63,7.55259e-08,-7.48061e-08,7.40931e-08
19.64,7.47852e-08,-7.40724e-08,7.33665e-08
19.65,7.40517e-08,-7.33459e-08,7.26469e-08
19.66,7.33254e-08,-7.26266e-08,7.19344e-08
19.67,7.26063e-08,-7.19143e-08,7.12289e-08
19.68,7.18942e-08,-7.1209e-08,7.05303e-08
19.69,7.11891e-08,-7.05106e-08,6.98386e-08
19.7,7.04909e-08,-6.98191e-08,6.91537e-08
19.71,6.97996e-08,-6.91343e-08,6.84754e-08
19.72,6.9115e-08,-6.84563e-08,6.78039e-08
19.73,6.84372e-08,-6.77849e-08,6.71389e-08
19.74,6.7766e-08,-6.71201e-08,6.64804e-08
19.75,6.71013e-08,-6.64618e-08,6.58284e-08
19.76,6.64432e-08,-6.581e-08,6.51828e-08
19.77,6.57916e-08,-6.51646e-08,6.45435e-08
19.78,6.51463e-08,-6.45254e-08,6.39105e-08
19.79,6.45074e-08,-6.38926e-08,6.32837e-08
19.8,6.38747e-08,-6.3266e-08,6.2663e-08
19.81,6.32483e-08,-6.26455e-08,6.20484e-08
19.82,6.2628e-08,-6.20311e-08,6.14399e-08
19.83,6.20138e-08,-6.14227e-08,6.08373e-08
19.84,6.14056e-08,-6.08203e-08,6.02407e-08
19.85,6.08033e-08,-6.02238e-08,5.96498e-08
19.86,6.0207e-08,-5.96332e-08,5.90648e-08
19.87,5.96165e-08,-5.90483e-08,5.84855e-08
19.88,5.90318e-08,-5.84692e-08,5.79119e-08
19.89,5.84528e-08,-5.78958e-08,5.7344e-08
19.9,5.78796e-08,-5.73279e-08,5.67816e-08
19.91,5.73119e-08,-5.67657e-08,5.62247e-08
19.92,5.67498e-08,-5.6209e-08,5.56733e-08
19.93,5.61932e-08,-5.56577e-08,5.51272e-08
19.94,5.56421e-08,-5.51118e-08,5.45866e-08
19.95,5.50964e-08,-5.45713e-08,5.40512e-08
19.96,5.45561e-08,-5.40361e-08,5.35211e-08
19.97,5.4021e-08,-5.35061e-08,5.29962e-08
19.98,5.34912e-08,-5.29814e-08,5.24764e-08
19.99,5.29666e-08,-5.24618e-08,5.19618e-08
